book_id,author,openrefine_author_name,wikidata_q_id,place_of_birth_city,place_of_birth_country,place_of_birth_latitude,place_of_birth_longitude,place_of_death_city,place_of_death_country,place_of_death_latitude,place_of_death_longitude,statelessness
1,Julio Ramón Ribeyro,Julio Ramón Ribeyro,Q1395161,Lima,Peru,-12.05,-77.03333333,Lima,Peru,-12.05,-77.03333333,
2,Carlton Lake,Carlton Lake,Q19277169,Brockton,United States of America,42.08333333,-71.01888889,Austin,United States of America,30.3,-97.733333,
2,Françoise Gilot,Françoise Gilot,Q540665,Neuilly-sur-Seine,France,48.88722222,2.2675,n/a,n/a,n/a,,
3,Jean-Patrick Manchette,Jean-Patrick Manchette,Q301951,Marseille,France,43.29666667,5.376388889,Paris,France,48.85657778,2.351827778,
4,Margarita Liberaki,Marguerite Libéraki,Q3290716,Athens,Greece,37.97944444,23.71611111,Athens,Greece,37.97944444,23.71611111,
5,Kurt Tucholsky,Kurt Tucholsky,Q57386,Berlin,Germany,52.51666667,13.38333333,Gothenburg,Sweden,57.6717061,11.98096669,
6,Vasily Grossman,Vasily Grossman,Q313767,Berdychiv,Ukraine,49.89194444,28.6,Moscow,Russia,55.75583333,37.61777778,
7,Walter Benjamin,Walter Benjamin,Q61078,Berlin,Germany,52.51666667,13.38333333,Portbou,Spain,42.42666667,3.159444444,
8,Maxim Osipov,Maksim Aleksandrovich Osipov,Q4337880,Moscow,Russia,55.75583333,37.61777778,n/a,n/a,n/a,,
9,Gregor von Rezzori,Gregor von Rezzori,Q78685,Chernivtsi,Ukraine,48.29083333,25.93444444,Reggello,Italy,43.68333333,11.53333333,statelessness
10,Lillian Ross,Lillian Ross,Q6548201,Syracuse,United States of America,43.046899,-76.144423,Manhattan,United States of America,40.72833333,-73.99416667,
11,Emmanuel Bove,Emmanuel Bove,Q1338209,Paris,France,48.85657778,2.351827778,Paris,France,48.85657778,2.351827778,
12,Jean Giono,Jean Giono,Q177411,Manosque,France,43.83333333,5.783055556,Manosque,France,43.83333333,5.783055556,
13,John Williams,John Edward Williams,Q2077062,Clarksville,United States of America,33.6111,-95.0525,Fayetteville,United States of America,36.07638889,-94.16083333,
14,Michael Walzer,Michael Walzer,Q445511,New York City,United States of America,40.67,-73.94,n/a,n/a,n/a,,
15,Darius James,Darius James,Q1165983,New Haven,United States of America,41.30833333,-72.925,n/a,n/a,n/a,,
16,Victor Serge,Victor Serge,Q362009,Brussels,Belgium,50.84666667,4.3527,Esu,Mexico,19.41944444,-99.14555556,statelessness
17,Multatuli,Multatuli,Q154211,Amsterdam,Netherlands,52.38333333,4.9,Ingelheim am Rhein,Germany,49.97472222,8.056388889,
18,Gabriele Tergit,Gabriele Tergit,Q1490603,Berlin,Germany,52.51666667,13.38333333,London,England,51.507222,-0.1275,
19,Salka Viertel,Salka Viertel,Q84576,Sambir,Ukraine,49.51666667,23.2,Klosters,Switzerland,46.88333333,9.883333333,
20,Lev Ozerov,Lev Ozerov,Q4332120,Kiev,Ukraine,50.45,30.52361111,Moscow,Russia,55.75583333,37.61777778,
21,Józef Czapski,Józef Czapski,Q932390,Prague,Czech Republic,50.08861111,14.42138889,Maisons-Laffitte,France,48.94611111,2.145,
22,Józef Czapski,Józef Czapski,Q932390,Prague,Czech Republic,50.08861111,14.42138889,Maisons-Laffitte,France,48.94611111,2.145,
23,Jean Améry,Jean Améry,Q15969,Vienna,Austria,48.20833,16.373064,Salzburg,Austria,47.8,13.03333333,
24,Iris Origo,Iris Origo,Q518613,Gloucestershire,England,51.83333333,-2.166666667,Siena,Italy,43.31833333,11.33138889,
25,Iris Origo,Iris Origo,Q518613,Gloucestershire,England,51.83333333,-2.166666667,Siena,Italy,43.31833333,11.33138889,
26,Kenji Miyazawa,Kenji Miyazawa,Q55993,Hanamaki,Japan,39.38861111,141.1166667,Hanamaki,Japan,39.38861111,141.1166667,
27,Ivo Andrić,Ivo Andrić,Q47561,Dolac,Bosnia and Herzegovina,44.22,17.6708,Belgrade,Serbia,44.81666667,20.46666667,
28,David R. Bunch,David R. Bunch,Q1176217,Lowry City,United States of America,38.14,-93.7272,St. Louis,United States of America,38.61666667,-90.2,
29,Lesley Blanch,Lesley Blanch,Q372217,London,England,51.507222,-0.1275,Menton,France,43.77472222,7.499722222,
30,Juan Eduardo Cirlot,Juan Eduardo Cirlot,Q3295089,Barcelona,Spain,41.3825,2.176944444,Barcelona,Spain,41.3825,2.176944444,
31,Wolfgang Herrndorf,Wolfgang Herrndorf,Q109180,Hamburg,Germany,53.55,10,Berlin,Germany,52.51666667,13.38333333,
32,Tom Kristensen,Tom Kristensen,Q2090457,London,England,51.507222,-0.1275,Thurø,Denmark,55.0456,10.6672,
33,Anna Seghers,Anna Seghers,Q57393,Mainz,Germany,50,8.266666667,Berlin,Germany,52.51861111,13.40444444,
34,Robert Aickman,Robert Aickman,Q906193,London,England,51.507222,-0.1275,London,England,51.507222,-0.1275,
35,Helen Weinzweig,Helen Weinzweig,Q18208293,unknown,Poland,52.216667,21.033333,Toronto,Canada,43.7,-79.4,
36,Matei Calinescu,Matei Călinescu,Q6786378,Bucharest,Romania,44.4,26.08333333,Bloomington,United States of America,39.16222222,-86.52916667,
37,Sybille Bedford,Sybille Bedford,Q72705,Charlottenburg,Germany,52.51666667,13.3,London,England,51.507222,-0.1275,
38,Jean-Patrick Manchette,Jean-Patrick Manchette,Q301951,Marseille,France,43.29666667,5.376388889,Paris,France,48.85657778,2.351827778,
39,Varlam Shalamov,Varlam Shalamov,Q220816,Vologda,Russia,59.21666667,39.9,Moscow,Russia,55.75583333,37.61777778,
40,Curzio Malaparte,Curzio Malaparte,Q312637,Prato,Italy,43.88081389,11.09656111,Rome,Italy,41.89305556,12.48277778,
41,Walter Kempowski,Walter Kempowski,Q61408,Rostock,Germany,54.08333333,12.13333333,Rotenburg an der Wümme,Germany,53.10694444,9.396944444,
42,Uwe Johnson,Uwe Johnson,Q61627,Kamień Pomorski,Poland,53.96972222,14.78583333,Sheerness,England,51.44111111,0.760833333,
43,Alfred Döblin,Alfred Döblin,Q57389,Szczecin,Poland,53.42472222,14.55527778,Emmendingen,Germany,48.12138889,7.849166667,
44,Honoré de Balzac,Honoré de Balzac,Q9711,Tours,France,47.39277778,0.688333333,Paris,France,48.85657778,2.351827778,
45,Barbara Comyns,Barbara Comyns Carr,Q4858822,Warwickshire,England,52.33333333,-1.583333333,Shropshire,England,52.61666667,-2.716666667,
46,Julien Gracq,Julien Gracq,Q298051,Angers,France,47.47277778,-0.555555556,Angers,France,47.47277778,-0.555555556,
47,François-René de Chateaubriand,François-René de Chateaubriand,Q49767,Saint-Malo,France,48.64722222,-2.008888889,Paris,France,48.85657778,2.351827778,
48,Henry Green,Henry Green,Q1285562,Tewkesbury,England,51.986,-2.136,London,England,51.507222,-0.1275,
49,Marina Tsvetaeva,Marina Tsvetaeva,Q188526,Moscow,Russia,55.75583333,37.61777778,Yelabuga,Russia,55.76666667,52.03333333,
50,Henry Green,Henry Green,Q1285562,Tewkesbury,England,51.986,-2.136,London,England,51.507222,-0.1275,
51,Joan Sales,Joan Sales i Vallès,Q3754146,Barcelona,Spain,41.3825,2.176944444,Barcelona,Spain,41.3825,2.176944444,
52,Eileen Chang,Eileen Chang,Q197155,Shanghai,China,31.16666667,121.4666667,Westwood,United States of America,34.0561,-118.43,
53,Elizabeth Hardwick,Elizabeth Hardwick,Q465242,Lexington,United States of America,38.02972222,-84.49472222,Manhattan,United States of America,40.72833333,-73.99416667,
54,David Plante,David Plante,Q5238605,Providence,United States of America,41.83083333,-71.415,n/a,n/a,n/a,,
55,Richard Stern,Richard G. Stern,Q3702414,New York City,United States of America,40.67,-73.94,Tybee Island,United States of America,32.00666667,-80.84944444,
56,Jean Giono,Jean Giono,Q177411,Manosque,France,43.83333333,5.783055556,Manosque,France,43.83333333,5.783055556,
57,Dorothy B. Hughes,Dorothy B. Hughes,Q1778440,Kansas City,United States of America,39.05,-94.58333333,Ashland,United States of America,42.19138889,-122.7008333,
58,Magda Szabó,Magda Szabó,Q231948,Debrecen,Hungary,47.53,21.63916667,Budapest,Hungary,47.49833333,19.04083333,
59,Louis Guilloux,Louis Guilloux,Q862935,Saint-Brieuc,France,48.51361111,-2.760277778,Saint-Brieuc,France,48.51361111,-2.760277778,
60,Guido Morselli,Guido Morselli,Q940144,Bologna,Italy,44.49388889,11.34277778,Varese,Italy,45.81666667,8.833333333,
61,Patrick Leigh Fermor,Patrick Leigh Fermor,Q700616,London,England,51.507222,-0.1275,Dumbleton,England,52.0224,-1.97809,
62,Thorkild Hansen,Thorkild Hansen,Q370774,Gentofte Municipality,Denmark,55.750472,12.552073,unknown,unknown,14.525556,-75.818333,
63,Qiu Miaojin,Qiu Miaojin,Q465264,Changhua County,Taiwan,23.93333333,120.5333333,Paris,France,48.85657778,2.351827778,
64,Alice Goodman,Alice Goodman,Q738042,Saint Paul,United States of America,44.94416667,-93.09361111,n/a,n/a,n/a,,
65,Alice Herdan-Zuckmayer,Alice Herdan-Zuckmayer,Q1570619,Vienna,Austria,48.20833,16.373064,Visp,Switzerland,46.29222222,7.882777778,
66,Norman Podhoretz,Norman Podhoretz,Q945011,Brownsville,United States of America,40.66065278,-73.91078056,n/a,n/a,n/a,,
67,Arthur Schnitzler,Arthur Schnitzler,Q44331,Vienna,Austria,48.20833,16.373064,Vienna,Austria,48.20833,16.373064,
68,Umberto Saba,Umberto Saba,Q451312,Trieste,Italy,45.63611111,13.80416667,Gorizia,Italy,45.9352,13.6193,
69,Leonora Carrington,Leonora Carrington,Q233207,Lancaster,United Kingdom,54.047,-2.801,Esu,Mexico,19.41944444,-99.14555556,
70,Sybille Bedford,Sybille Bedford,Q72705,Charlottenburg,Germany,52.51666667,13.3,London,England,51.507222,-0.1275,
71,Henry Green,Henry Green,Q1285562,Tewkesbury,England,51.986,-2.136,London,England,51.507222,-0.1275,
72,Henry Green,Henry Green,Q1285562,Tewkesbury,England,51.986,-2.136,London,England,51.507222,-0.1275,
73,Henry Green,Henry Green,Q1285562,Tewkesbury,England,51.986,-2.136,London,England,51.507222,-0.1275,
74,Marcabru,Marcabru,Q381966,Gascony,France,43.977,-0.176,Auvillar,France,44.069167,0.899722,
74,Aimeric de Peguilhan,Aimeric de Peguilhan,Q5623,Toulouse,France,43.60444444,1.443888889,Lombardy,Italy,45.65,9.95,
74,Peire Cardenal,Peire Cardenal,Q537366,Le Puy-en-Velay,France,45.04333333,3.885,Montpellier,France,43.61091944,3.877230556,
74,Sordello,Sordello,Q665165,Goito,Italy,45.25,10.66666667,Naples,Italy,40.83333333,14.25,
74,Giraut Riqiuer,Guiraut Riquier,Q2281681,Narbonne,France,43.18472222,3.003611111,Narbonne,France,43.18472222,3.003611111,
74,"Guillem IX, Duke of Aquitaine",William IX,Q5351,unknown,France,47,2,Poitiers,France,46.58111111,0.335277778,
74,Beatritz de Dia,Beatritz de Dia,Q4498,Montélimar,France,44.55861111,4.750833333,Provence,France,44,6,
74,Bernart de Ventadorn,Bernart de Ventadorn,Q4501,Moustier-Ventadour,France,45.39555556,2.104722222,Sainte-Trie,France,45.29944444,1.197222222,
74,Bertran de Born,Bertran de Born,Q4510,Périgord,France,45.18333333,0.716666667,Sainte-Trie,France,45.29944444,1.197222222,
74,Guilhem de Cabestanh,Guillem de Cabestany,Q2322314,Cabestany,France,42.68055556,2.942777778,Santa Elena,Spain,38.333333,-3.533333,
74,Count of Foix,"Roger-Bernard III, Count of Foix",Q633333,unknown,unknown,unknown,,Tarascon-sur-Ariège,France,42.8475,1.606111111,
74,Peire Vidal,Peire Vidal,Q5269,unknown,France,47,2,Toulouse,France,43.60444444,1.443888889,
74,Pons de Capdueill,Pons de Capduelh,Q3459546,Auvergne,France,45.333333,3,unknown,unknown,unknown,,
74,Jaufré Rudel de Blaia,Jaufre Rudel,Q5260,Blaye,France,45.12777778,-0.662222222,unknown,unknown,unknown,,
74,Peire D'Alvernhe,Peire d'Alvernhe,Q2426639,Clermont-Ferrand,France,45.77972222,3.086944444,unknown,unknown,unknown,,
74,Aimeric de Belenoi,Aimeric de Belenoi,Q2636092,Gascony,France,43.977,-0.176,unknown,Spain,40.416775,-3.70379,
74,Cercamon,Cercamon,Q278795,Gascony,France,43.977,-0.176,unknown,unknown,unknown,,
74,Gavaudan,Gavaudan,Q965303,Gévaudan,France,44.7,3.3,unknown,unknown,unknown,,
74,Jausbert de Puycibot,Jausbert de Puycibot,Q3807458,Limousin,France,45.68795,1.620483,unknown,unknown,unknown,,
74,Arnaut de Mareuil,Arnaut de Mareuil,Q2425465,Mareuil,France,45.450556,0.452222,unknown,unknown,unknown,,
74,Bernart Arnaut de Moncuc,Bernart Arnaut de Moncuc,Q7001964,Montcuq,France,44.3397,1.2103,unknown,unknown,unknown,,
74,Cadenet,Cadenet,Q2415557,Provence,France,44,6,unknown,Palestine,31.625321,35.145264,
74,Montanhagol,Guilhem de Montanhagol,Q734139,Provence,France,44,6,unknown,unknown,unknown,,
74,Arnaut Daniel,Arnaut Daniel,Q4344,Ribérac,France,45.24694444,0.338888889,unknown,unknown,unknown,,
74,Raimon Jordan,Raimon Jordan,Q3929553,Toulouse,France,43.60444444,1.443888889,unknown,unknown,unknown,,
74,Peire Salvatge,Pere Salvatge,Q1776745,unknown,Spain,40.416775,-3.70379,unknown,unknown,unknown,,
74,Anonymous,Anonymous,unknown,unknown,unknown,unknown,,unknown,unknown,unknown,,
74,Maestre Bernart d'Auriac,Bernart d'Auriac,Q3638824,unknown,unknown,unknown,,unknown,unknown,unknown,,
74,Gaucelm Faidit,Gaucelm Faidit,Q561237,Uzerche,France,45.42472222,1.563333333,unknown,unknown,unknown,,
74,Raimbaut de Vaiqueras,Raimbaut de Vaqueiras,Q356509,Vacqueyras,France,44.13833333,4.982222222,unknown,Greece,39,22,
74,The Monk of Montaudon,Monge de Montaudon,Q2636142,Vic-sur-Cère,France,44.98,2.625,unknown,unknown,unknown,,
74,Pedro III of Aragon,Peter III of Aragon,Q312311,Valencia,Spain,39.46666667,-0.375,Vilafranca del Penedès,Spain,41.34472222,1.699444444,
75,Sigizmund Krzhizhanovsky,Sigizmund Krzhizhanovsky,Q1813169,Kiev,Ukraine,50.45,30.52361111,Moscow,Russia,55.75583333,37.61777778,
76,Hans Herbert Grimm,Hans Herbert Grimm,Q16509001,Markneukirchen,Germany,50.31666667,12.31666667,Altenburg,Germany,50.985,12.43333333,
77,unknown,unknown,unknown,unknown,Japan,"35,136",,,,,,
78,Guy de Maupassant,Guy de Maupassant,Q9327,Dieppe,France,49.92166667,1.077777778,Passy,France,48.85711111,2.284136111,
79,U.R. Ananthamurthy,U. R. Ananthamurthy,Q724089,Thirthahalli,India,13.7,75.23,Bangalore,India,12.969907,77.597963,
80,Robert Bresson,Robert Bresson,Q55391,Puy-de-Dôme,France,45.7,3.216666667,Paris,France,48.85657778,2.351827778,
81,Henry Green,Henry Green,Q1285562,Tewkesbury,England,51.986,-2.136,London,England,51.507222,-0.1275,
82,Magda Szabó,Magda Szabó,Q231948,Debrecen,Hungary,47.53,21.63916667,Budapest,Hungary,47.49833333,19.04083333,
83,Leopoldo Alas,Leopoldo Alas,Q312747,Zamora,Spain,41.49888889,-5.755555556,Oviedo,Spain,43.3625,-5.850277778,
84,Thomas Flanagan,Thomas Flanagan,Q2416071,Greenwich,United States of America,41.03888889,-73.61388889,Berkeley,United States of America,37.87027778,-122.2680556,
85,Thomas Flanagan,Thomas Flanagan,Q2416071,Greenwich,United States of America,41.03888889,-73.61388889,Berkeley,United States of America,37.87027778,-122.2680556,
86,Henry Green,Henry Green,Q1285562,Tewkesbury,England,51.986,-2.136,London,England,51.507222,-0.1275,
87,Henry Green,Henry Green,Q1285562,Tewkesbury,England,51.986,-2.136,London,England,51.507222,-0.1275,
88,Robert Walser,Robert Walser,Q123075,Biel/Bienne,Switzerland,47.13722222,7.247222222,Herisau,Switzerland,47.3851,9.2786,
89,Eve Babitz,Eve Babitz,Q5416144,Los Angeles,United States of America,34.05,-118.25,n/a,n/a,n/a,,
90,Ge Fei,Ge Fei,Q926385,Jiangsu,China,"33,120",,n/a,n/a,n/a,,
91,Teffi,Nadezhda Teffi,Q2171566,Volhynian Governorate,Ukraine,50.25444444,28.65777778,Paris,France,48.85657778,2.351827778,
92,Alfred Döblin,Alfred Döblin,Q57389,Szczecin,Poland,53.42472222,14.55527778,Emmendingen,Germany,48.12138889,7.849166667,
93,D. G. Compton,David G. Compton,Q1174491,London,England,51.507222,-0.1275,n/a,n/a,n/a,,
94,Sybille Bedford,Sybille Bedford,Q72705,Charlottenburg,Germany,52.51666667,13.3,London,England,51.507222,-0.1275,
95,Vicki Baum,Vicki Baum,Q93444,Vienna,Austria,48.20833,16.373064,Los Angeles,United States of America,34.1,-118.3333333,
96,Jean d'Ormesson,Jean d'Ormesson,Q353866,7th arrondissement of Paris,France,48.85916667,2.312777778,Neuilly-sur-Seine,France,48.88722222,2.2675,
97,Mavis Gallant,Mavis Gallant,Q2550824,Montreal,Canada,45.50888889,-73.56166667,Paris,France,48.85657778,2.351827778,
98,Jean-Paul Clébert,Jean-Paul Clébert,Q3168418,Paris,France,48.85657778,2.351827778,Oppède,France,43.84444444,5.168888889,
99,Patrick Modiano,Patrick Modiano,Q222944,Boulogne-Billancourt,France,48.83527778,2.241388889,n/a,n/a,n/a,,
100,Patrick Modiano,Patrick Modiano,Q222944,Boulogne-Billancourt,France,48.83527778,2.241388889,n/a,n/a,n/a,,
101,Teffi,Nadezhda Teffi,Q2171566,Volhynian Governorate,Ukraine,50.25444444,28.65777778,Paris,France,48.85657778,2.351827778,
102,Barnabe Googe,Barnabe Googe,Q734076,Alvingham,England,53.40039167,0.049266667,Alvingham,England,53.40039167,0.049266667,
102,Sir Philip Sidney,Philip Sidney,Q315509,Kent,England,51.19,0.73,Arnhem,Netherlands,51.98333333,5.916666667,
102,"Thomas, Lord Vaux","Thomas Vaux, 2nd Baron Vaux of Harrowden",Q7794671,Northamptonshire,England,52.283333,-0.833333,Arnold,England,53.0025,-1.128333,
102,George Gascoigne,George Gascoigne,Q333528,Cardington,England,52.1161,-0.4139,Barnack,England,52.633,-0.407,
102,Sir Walter Ralegh,Walter Raleigh,Q189144,East Budleigh,England,50.65,-3.316666667,London,England,51.507222,-0.1275,
102,Edmund Spenser,Edmund Spenser,Q4352055,East Smithfield,England,51.5083,-0.07097,London,England,51.507222,-0.1275,
102,Sir Edward Dyer,Edward Dyer,Q5342682,Glastonbury,England,51.1485,-2.714,London,England,51.507222,-0.1275,
102,Michael Drayton,Michael Drayton,Q138540,Hartshill,England,52.5398,-1.52,London,England,51.507222,-0.1275,
102,"Henry Howard, Earl of Surrey","Henry Howard, Earl of Surrey",Q372211,Hertfordshire,England,51.9,-0.2,London,England,51.507222,-0.1275,
102,George Peele,George Peele,Q704626,London,England,51.507222,-0.1275,London,England,51.507222,-0.1275,
102,John Donne,John Donne,Q140412,London,England,51.507222,-0.1275,London,England,51.507222,-0.1275,
102,Thomas Campion,Thomas Campion,Q455618,London,England,51.507222,-0.1275,London,England,51.507222,-0.1275,
102,Thomas Lodge,Thomas Lodge,Q562652,London,England,51.507222,-0.1275,London,England,51.507222,-0.1275,
102,Sir Thomas More,Thomas More,Q42544,London,England,51.507222,-0.1275,London,England,51.507222,-0.1275,
102,Thomas Nashe,Thomas Nashe,Q443042,Lowestoft,England,52.48,1.75,London,England,51.507222,-0.1275,
102,Sir Thomas Wyatt,Thomas Wyatt,Q314325,Maidstone,England,51.27166667,0.529444444,London,England,51.507222,-0.1275,
102,Robert Greene,Robert Greene,Q433651,Norwich,England,52.628056,1.299167,London,England,51.507222,-0.1275,
102,Ben Jonson,Ben Jonson,Q193857,Westminster,England,51.4995,-0.1333,London,England,51.507222,-0.1275,
102,William Shakespeare,William Shakespeare,Q692,Stratford-upon-Avon,England,52.19,-1.71,Stratford-upon-Avon,England,52.19,-1.71,
102,George Turberville,George Turberville,Q5545355,Dorset,England,50.833333,-2.333333,unknown,unknown,unknown,,
102,Samuel Daniel,Samuel Daniel,Q954735,Taunton,England,51.01916667,-3.1,unknown,England,53,-1,
102,Fulke Greville,"Fulke Greville, 1st Baron Brooke",Q2373798,Alcester,England,52.215,-1.876,Warwick,England,52.28,-1.59,
102,John Skelton,John Skelton,Q638589,Norfolk,England,52.666667,1,Westminster,England,51.4995,-0.1333,
102,unknown,unknown,unknown,unknown,England,53,-1,,,,,
103,Eleanor Perényi,Eleanor Perenyi,Q5354359,"Washington, D.C.",United States of America,38.895,-77.036667,Westerly,United States of America,41.3776,-71.82729,
104,Borislav Pekić,Borislav Pekić,Q1262563,Podgorica,Montenegro,42.43972222,19.26611111,London,England,51.507222,-0.1275,
105,Bernard Wolfe,Bernard Wolfe,Q822793,New Haven,United States of America,41.30833333,-72.925,Calabasas,United States of America,34.13333333,-118.65,
105,Mezz Mezzrow,Mezz Mezzrow,Q326297,Chicago,United States of America,41.88194444,-87.62777778,Paris,France,48.85657778,2.351827778,
106,Jean Giono,Jean Giono,Q177411,Manosque,France,43.83333333,5.783055556,Manosque,France,43.83333333,5.783055556,
107,Miron Białoszewski,Miron Białoszewski,Q462271,Warsaw,Poland,52.21666667,21.03333333,Warsaw,Poland,52.21666667,21.03333333,
108,Roberto Arlt,Roberto Arlt,Q188838,Buenos Aires,Argentina,-34.59972222,-58.38194444,Buenos Aires,Argentina,-34.59972222,-58.38194444,
109,William Sloane,William Milligan Sloane III,Q8015647,Plymouth,United States of America,41.958333,-70.666667,New City,United States of America,41.145556,-73.995,
110,George Psychoundakis,George Psychoundakis,Q1779872,Asi Gonia,Greece,35.27421,24.28408,Chania,Greece,35.51666667,24.01666667,
111,Aleksandar Tišma,Aleksandar Tišma,Q699950,Horgoš,Serbia,46.15555556,19.9725,Novi Sad,Serbia,45.26444444,19.83166667,
112,John Williams,John Edward Williams,Q2077062,Clarksville,United States of America,33.6111,-95.0525,Fayetteville,United States of America,36.07638889,-94.16083333,
113,Barbara Comyns,Barbara Comyns Carr,Q4858822,Warwickshire,England,52.33333333,-1.583333333,Shropshire,England,52.61666667,-2.716666667,
114,Jakob Wassermann,Jakob Wassermann,Q60369,Fürth,Germany,49.47833333,10.99027778,Altaussee,Austria,47.63944444,13.76333333,
115,Benjamin Fondane,Benjamin Fondane,Q817484,Iași,Romania,47.16222222,27.58888889,Auschwitz concentration camp,Poland,50.035833,19.178333,
116,Agnes de Mille,Agnes de Mille,Q394670,Harlem,United States of America,40.80903333,-73.94837222,New York City,United States of America,40.67,-73.94,
117,Elliott Chaze,Lewis Elliott Chaze,Q6536525,Mamou,United States of America,30.63389,-92.41889,Hattiesburg,United States of America,31.3158,-89.3086,
118,Leonard Gardner,Leonard Gardner,Q6525308,Stockton,United States of America,37.97555556,-121.3008333,n/a,n/a,n/a,,
119,Eve Babitz,Eve Babitz,Q5416144,Los Angeles,United States of America,34.05,-118.25,n/a,n/a,n/a,,
120,Friedrich Nietzsche,Friedrich Nietzsche,Q9358,Röcken,Germany,51.24083333,12.11611111,Weimar,Germany,50.98333333,11.31666667,statelessness
121,Antonio di Benedetto,Antonio di Benedetto,Q606149,Mendoza,Argentina,-32.88333333,-68.83333333,Buenos Aires,Argentina,-34.59972222,-58.38194444,
122,Dorothy Baker,Dorothy Baker,Q5298302,Missoula,United States of America,46.8625,-114.0116667,Terra Bella,United States of America,35.9614,-119.041,
123,Elizabeth Taylor,Elizabeth Taylor,Q442330,Reading,England,51.45416667,-0.973055556,Buckinghamshire,England,51.76666667,-0.8,
124,Raymond Queneau,Raymond Queneau,Q218690,Le Havre,France,49.49416667,0.108055556,Paris,France,48.85657778,2.351827778,
125,Stephen Benatar,Stephen Benatar,Q7608696,London,England,51.507222,-0.1275,n/a,n/a,n/a,,
126,Tatyana Tolstaya,Tatyana Tolstaya,Q274342,Saint Petersburg,Russia,59.95,30.31666667,n/a,n/a,n/a,,
127,Marc Fumaroli,Marc Fumaroli,Q558114,Marseille,France,43.29666667,5.376388889,n/a,n/a,n/a,,
128,J.F. Powers,J. F. Powers,Q1369803,Jacksonville,United States of America,39.7319,-90.2344,Collegeville Township,United States of America,45.55361111,-94.44583333,
129,James Schuyler,James Schuyler,Q5406329,Chicago,United States of America,41.88194444,-87.62777778,New York City,United States of America,40.67,-73.94,
130,J. R. Ackerley,J. R. Ackerley,Q2658365,London,England,51.507222,-0.1275,London,England,51.507222,-0.1275,
131,Jean-Paul Sartre,Jean-Paul Sartre,Q9364,Bogotá,Colombia,4.598888889,-74.08083333,Paris,France,48.85657778,2.351827778,
132,Raymond Queneau,Raymond Queneau,Q218690,Le Havre,France,49.49416667,0.108055556,Paris,France,48.85657778,2.351827778,
133,Oakley Hall,Oakley Hall,Q7074155,San Diego,United States of America,32.715,-117.1625,Nevada City,United States of America,39.26138889,-121.0186111,
134,Simone Weil,Simone Weil,Q157309,Paris,France,48.85657778,2.351827778,Ashford,England,51.1465,0.8676,
134,Rachel Bespaloff,Rachel Bespaloff,Q3416076,Nova Zagora,Bulgaria,42.49027778,26.01222222,South Hadley,United States of America,42.25833333,-72.575,
135,Gershom Scholem,Gershom Scholem,Q138850,Berlin,Germany,52.51666667,13.38333333,Jerusalem,Israel,31.78333333,35.21666667,
136,James Vance Marshall,Donald G. Payne,Q331593,London,England,51.507222,-0.1275,Surrey,England,51.25,-0.416666667,
137,Sir Walter Scott,Walter Scott,Q79025,Edinburgh,England,55.95,-3.198888889,Abbotsford,England,55.59972222,-2.781944444,
137,Innes Randolph,James Innes Randolph,Q31213064,Winchester,United States of America,39.1783,-78.1667,Baltimore,United States of America,39.28638889,-76.615,
137,Gilbert Keith Chesterton,G. K. Chesterton,Q183167,Kensington,England,51.5004,-0.1909,Beaconsfield,England,51.60087222,-0.634680556,
137,Thomas Moore,Thomas Moore,Q315346,Dublin,Ireland,53.3425,-6.265833333,Bromham,England,51.39183015,-2.060285214,
137,Alfred Edward Housman,Alfred Edward Housman,Q351410,unknown,England,53,-1,Cambridge,England,52.20805556,0.1225,
137,George Canning,George Canning,Q219731,London,England,51.507222,-0.1275,Chiswick,England,51.4925,-0.2633,
137,John Betjeman,John Betjeman,Q962308,London,England,51.507222,-0.1275,Cornwall,England,50.3,-4.9,
137,Robert Herrick,Robert Herrick,Q553554,London,England,51.507222,-0.1275,Devon,England,50.7,-3.8,
137,Thomas Hardy,Thomas Hardy,Q132805,Dorchester,England,50.71083333,-2.439722222,Dorchester,England,50.71083333,-2.439722222,
137,Jonathan Swift,Jonathan Swift,Q41166,Dublin,Ireland,53.3425,-6.265833333,Dublin,Ireland,53.3425,-6.265833333,
137,Robert Burns,Robert Burns,Q81960,Alloway,Scotland,55.43,-4.636,Dumfries,Scotland,55.06666667,-3.616666667,
137,William Cleland,William Cleland,Q8006886,Lanarkshire,Scotland,55.58333333,-3.833333333,Dunkeld,Scotland,56.55833333,-3.583333333,
137,William Dunbar,William Dunbar,Q647150,East Lothian,Scotland,55.91666667,-2.75,Edinburgh,Scotland,55.95,-3.198888889,
137,Lord Francis Jeffrey,"Francis Jeffrey, Lord Jeffrey",Q5881202,Edinburgh,Scotland,55.95,-3.198888889,Edinburgh,Scotland,55.95,-3.198888889,
137,Charles Lamb,Charles Lamb,Q372984,London,England,51.507222,-0.1275,Edmonton,England,51.6154,-0.0708,
137,Arthur Hugh Clough,Arthur Hugh Clough,Q709930,Liverpool,England,53.41666667,-3,Florence,Italy,43.77138889,11.25416667,
137,Walter Savage Landor,Walter Savage Landor,Q645138,Warwick,England,52.28,-1.59,Florence,Italy,43.77138889,11.25416667,
137,Charles Stuart Calverly,Charles Stuart Calverley,Q4209191,Worcestershire,England,52.2,-2.166666667,Folkestone,England,51.081389,1.164722,
137,Lewis Carroll,Lewis Carroll,Q38082,Daresbury,England,53.340406,-2.631998,Guildford,England,51.2354,-0.5746,
137,Charles Lutwidge Dodgson,Lewis Carroll,Q38082,Daresbury,England,53.340406,-2.631998,Guildford,England,51.2354,-0.5746,
137,Hilaire Belloc,Hilaire Belloc,Q333106,La Celle-Saint-Cloud,France,48.85,2.145,Guildford,England,51.2354,-0.5746,
137,Siegfried Sassoon,Siegfried Sassoon,Q363729,Matfield,England,51.1488,0.3648,Heytesbury,England,51.1833,-2.1,
137,Henry Fielding,Henry Fielding,Q34190,Sharpham,England,51.1356,-2.7653,Lisbon,Portugal,38.71666667,-9.166666667,
137,John Gay,John Gay,Q321660,Barnstaple,England,51.0823,-4.0489,London,England,51.507222,-0.1275,
137,Richard Harris Barham,Richard Harris Barham,Q1476581,Canterbury,England,51.27833333,1.0775,London,England,51.507222,-0.1275,
137,Thomas Ravenscroft,Thomas Ravenscroft,Q634595,Cheshire,England,53.16666667,-2.583333333,London,England,51.507222,-0.1275,
137,Thomas Durfey,Thomas d'Urfey,Q2145838,Devon,England,50.7,-3.8,London,England,51.507222,-0.1275,
137,Richard Brinsley Sheridan,Richard Brinsley Sheridan,Q352725,Dublin,Ireland,53.3425,-6.265833333,London,England,51.507222,-0.1275,
137,Edmund Spenser,Edmund Spenser,Q4352055,East Smithfield,England,51.5083,-0.07097,London,England,51.507222,-0.1275,
137,Oliver Goldsmith,Oliver Goldsmith,Q236236,Elphin,Ireland,53.85,-8.02,London,England,51.507222,-0.1275,
137,David Garrick,David Garrick,Q222390,Hereford,England,52.05638889,-2.716111111,London,England,51.507222,-0.1275,
137,Lord Thomas Babington Macaulay,"Thomas Babington Macaulay, 1st Baron Macaulay",Q315989,Leicester,England,52.7051,-1.15536,London,England,51.507222,-0.1275,
137,Edmund Clerihew Bentley,Edmund Clerihew Bentley,Q596925,London,England,51.507222,-0.1275,London,England,51.507222,-0.1275,
137,Geoffrey Chaucer,Geoffrey Chaucer,Q5683,London,England,51.507222,-0.1275,London,England,51.507222,-0.1275,
137,George Peele,George Peele,Q704626,London,England,51.507222,-0.1275,London,England,51.507222,-0.1275,
137,Paul Whitehead,Paul Whitehead,Q16859638,London,England,51.507222,-0.1275,London,England,51.507222,-0.1275,
137,Thomas Campion,Thomas Campion,Q455618,London,England,51.507222,-0.1275,London,England,51.507222,-0.1275,
137,Thomas Hood,Thomas Hood,Q722533,London,England,51.507222,-0.1275,London,England,51.507222,-0.1275,
137,Thomas Jordan,Thomas Jordan,Q11679512,London,England,51.507222,-0.1275,London,England,51.507222,-0.1275,
137,William Schwenck Gilbert,W. S. Gilbert,Q348513,London,England,51.507222,-0.1275,London,England,51.507222,-0.1275,
137,William Blake,William Blake,Q41513,London,England,51.507222,-0.1275,London,England,51.507222,-0.1275,
137,Winthrop Mackworth Praed,Winthrop Mackworth Praed,Q1230504,London,England,51.507222,-0.1275,London,England,51.507222,-0.1275,
137,Rudyard Kipling,Rudyard Kipling,Q34743,Mumbai,India,18.96666667,72.83333333,London,England,51.507222,-0.1275,
137,Richard Porson,Richard Porson,Q852657,North Walsham,England,52.821,1.387,London,England,51.507222,-0.1275,
137,Samuel Taylor Coleridge,Samuel Taylor Coleridge,Q82409,Ottery St Mary,England,50.752,-3.279,London,England,51.507222,-0.1275,
137,John Dryden,John Dryden,Q213355,Oundle,England,52.48,-0.472,London,England,51.507222,-0.1275,
137,Edward Ward,Ned Ward,Q552894,Oxfordshire,England,51.75,-1.28,London,England,51.507222,-0.1275,
137,John Fletcher,John Fletcher,Q312444,Rye,England,50.95,0.733333333,London,England,51.507222,-0.1275,
137,Charles Dibdin,Charles Dibdin,Q1064116,Southampton,England,50.906944,-1.404722,London,England,51.507222,-0.1275,
137,Isaac Watts,Isaac Watts,Q537034,Southampton,England,50.906944,-1.404722,London,England,51.507222,-0.1275,
137,Samuel Butler,Samuel Butler,Q258766,Strensham,England,52.05294722,-2.144583333,London,England,51.507222,-0.1275,
137,Thomas Weelkes,Thomas Weelkes,Q553908,Sussex,England,51,0,London,England,51.507222,-0.1275,
137,Antony Holborne,Anthony Holborne,Q1676220,unknown,England,53,-1,London,England,51.507222,-0.1275,
137,Ben Jonson,Ben Jonson,Q193857,Westminster,England,51.4995,-0.1333,London,England,51.507222,-0.1275,
137,Andrew Marvell,Andrew Marvell,Q365935,Winestead,England,53.7016,-0.033303,London,England,51.507222,-0.1275,
137,Ronald Arbuthnot Knox,Ronald Arbuthnot Knox,Q707945,Kibworth,England,52.5333,-0.983333,Mells,England,51.239,-2.3888,
137,William Butler Yeats,William Butler Yeats,Q40213,Sandymount,Ireland,53.3252,-6.2069,Menton,France,43.77472222,7.499722222,
137,Lord George Gordon Byron,Lord Byron,Q5679,London,England,51.507222,-0.1275,Missolonghi,Greece,38.36666667,21.41666667,
137,Samuel C. Bushnell,Samuel C. Bushnell,Q59313379,New Haven,United States of America,41.30833333,-72.925,New Haven,United States of America,41.30833333,-72.925,
137,Herman Melville,Herman Melville,Q4985,Manhattan,United States of America,40.72833333,-73.99416667,New York City,United States of America,40.67,-73.94,
137,Richard Corbet,Richard Corbet,Q4232680,Ewell,England,51.3502,-0.2486,Norwich,England,52.628056,1.299167,
137,"Thomas Wharton, Marquis of Wharton","Thomas Wharton, 1st Marquess of Wharton",Q3018066,Basingstoke,England,51.2667,-1.0876,Oxford,England,51.751944,-1.257778,
137,Robert Bridges,Robert Bridges,Q925991,Kent,England,51.19,0.73,Oxford,England,51.75194444,-1.257777778,
137,Sir John Suckling,John Suckling,Q2339246,London,England,51.507222,-0.1275,Paris,France,48.85657778,2.351827778,
137,William Wordsworth,William Wordsworth,Q45546,Cockermouth,England,54.6613,-3.362,Rydal,England,54.433,-2.983,
137,Edward Lear,Edward Lear,Q309759,Highgate,England,51.5716,-0.1448,Sanremo,Italy,43.82141389,7.786561111,
137,Peter Pindar,John Wolcot,Q707652,Dodbrooke,England,50.2833,-3.7765,Somers Town,England,51.53096944,-0.131497222,
137,John Wolcot,John Wolcot,Q707652,Dodbrooke,England,50.2833,-3.7765,Somers Town,England,51.53096944,-0.131497222,
137,Sir John Harington,John Harington,Q686895,Kelston,England,51.402,-2.4318,Somerset,England,51.3,-3,
137,Nicholas Vachel Lindsay,Vachel Lindsay,Q1197667,Springfield,United States of America,39.78333333,-89.65027778,Springfield,United States of America,39.78333333,-89.65027778,
137,William Shakespeare,William Shakespeare,Q692,Stratford-upon-Avon,England,52.19,-1.71,Stratford-upon-Avon,England,52.19,-1.71,
137,John Woodcock Graves,John Woodcock Graves,Q6264805,Wigton,England,"-42,147",,Tasmania,Australia,54.823,-3.159,
137,Alexander Pope,Alexander Pope,Q164047,London,England,51.507222,-0.1275,Twickenham,England,51.4486,-0.3369,
137,Richard Alfred Milliken,Richard Milliken,Q18526813,Castlemartyr,Ireland,51.916667,-8.05,unknown,unknown,unknown,,
137,Jane Taylor,Jane Taylor,Q4259798,London,England,51.507222,-0.1275,unknown,unknown,unknown,,
137,A. Godwin,A. Godwin,Q59313601,unknown,England,53,-1,unknown,unknown,unknown,,
137,William Walsh,William Walsh,Q3569017,unknown,England,53,-1,unknown,unknown,unknown,,
137,Aurelian Townsend,Aurelian Townshend,Q4822234,unknown,unknown,unknown,,unknown,unknown,unknown,,
137,Laurence Price,Laurence Price,Q18762025,unknown,unknown,unknown,,unknown,unknown,unknown,,
137,Martin Parker,Martin Parker,Q6776341,unknown,unknown,unknown,,unknown,unknown,unknown,,
137,Maurice Evan Hare,Maurice Evan Hare,Q59412682,unknown,unknown,unknown,,unknown,unknown,unknown,,
137,Robert Jones,Robert Jones,Q2157729,unknown,unknown,unknown,,unknown,unknown,unknown,,
137,William Holborne,William Holborne,Q59313659,unknown,unknown,unknown,,unknown,unknown,unknown,,
137,David Herbert Lawrence,D. H. Lawrence,Q34970,Nottingham,England,52.955,-1.149166667,Vence,France,43.72246556,7.111862222,
137,John Hilton,John Hilton the younger,Q1289313,Cambridge,England,52.20805556,0.1225,Westminster,England,51.4995,-0.1333,
137,Arnold Enoch Bennett,Arnold Bennett,Q314158,Hanley,England,53.0246,-2.1729,Westminster,England,51.4995,-0.1333,
137,John Skelton,John Skelton,Q638589,Norfolk,England,52.666667,1,Westminster,England,51.4995,-0.1333,
137,Matthew Prior,Matthew Prior,Q1256302,London,England,51.507222,-0.1275,Wimpole,England,52.14,-0.046,
137,"John Wilmot, Earl of Rochester","John Wilmot, 2nd Earl of Rochester",Q358912,Ditchley,England,51.8875,-1.43417,Woodstock,England,51.845,-1.354,
137,"John Wilmot, Earl of Rochester","John Wilmot, 2nd Earl of Rochester",Q358912,Ditchley,England,51.8875,-1.43417,Woodstock,England,51.845,-1.354,
138,Nancy Mitford,Nancy Mitford,Q260026,London,England,51.507222,-0.1275,Versailles,France,48.80472222,2.134166667,
139,Ivan Turgenev,Ivan Turgenev,Q42831,Oryol,Russia,52.96666667,36.08333333,Bougival,France,48.865,2.139444444,
140,Maude Hutchins,Maude Hutchins,Q1575073,New York City,United States of America,40.67,-73.94,Fairfield,United States of America,41.17583333,-73.27194444,
141,Mavis Gallant,Mavis Gallant,Q2550824,Montreal,Canada,45.50888889,-73.56166667,Paris,France,48.85657778,2.351827778,
142,John Updike,John Updike,Q105756,Reading,United States of America,40.34166667,-75.92611111,Danvers,United States of America,42.575,-70.93055556,
142,Arthur C. Danto,Arthur Danto Lindo,Q365129,Ann Arbor,United States of America,42.281389,-83.748333,Manhattan,United States of America,40.72833333,-73.99416667,
142,Elizabeth Hardwick,Elizabeth Hardwick,Q465242,Lexington,United States of America,38.02972222,-84.49472222,Manhattan,United States of America,40.72833333,-73.99416667,
142,Francine Prose,Francine Prose,Q2427599,Brooklyn,United States of America,40.69277778,-73.99027778,n/a,n/a,n/a,,
142,Michael Cunningham,Michael Cunningham,Q310257,Cincinnati,United States of America,39.13333333,-84.5,n/a,n/a,n/a,,
142,James Wood,James Wood,Q528164,Durham,England,54.78333333,-1.566666667,n/a,n/a,n/a,,
142,Colm Tóibín,Colm Tóibín,Q470758,Enniscorthy,Ireland,52.502064,-6.565876,n/a,n/a,n/a,,
142,Toni Morrison,Toni Morrison,Q72334,Lorain,United States of America,41.44833333,-82.16888889,n/a,n/a,n/a,,
142,Eliot Weinberger,Eliot Weinberger,Q1329611,New York City,United States of America,40.67,-73.94,n/a,n/a,n/a,,
142,Jonathan Lethem,Jonathan Lethem,Q440100,New York City,United States of America,40.67,-73.94,n/a,n/a,n/a,,
142,Lydia Davis,Lydia Davis,Q1280035,Northampton,United States of America,42.325,-72.64166667,n/a,n/a,n/a,,
142,Luc Sante,Luc Sante,Q3264909,Verviers,Belgium,50.58333333,5.85,n/a,n/a,n/a,,
142,Susan Sontag,Susan Sontag,Q152824,New York City,United States of America,40.67,-73.94,New York City,United States of America,40.67,-73.94,
143,Victor Serge,Victor Serge,Q362009,Brussels,Belgium,50.84666667,4.3528,Esu,Mexico,19.41944444,-99.14555556,statelessness
144,Ramon del Valle-Inclán,Ramón del Valle-Inclán,Q311001,Vilanova de Arousa,Spain,42.5626279,-8.8299345,Santiago de Compostela,Spain,42.88333333,-8.533333333,
145,Patrick Hamilton,Patrick Hamilton,Q1278407,Hassocks,England,50.92330278,-0.150863889,Sheringham,England,52.93333333,1.216666667,
146,Nathaniel Hawthorne,Nathaniel Hawthorne,Q69339,Salem,United States of America,42.516845,-70.898503,Plymouth,United States of America,43.7575,-71.68861111,
147,Russell Hoban,Russell Hoban,Q1353673,Lansdale,United States of America,40.2419,-75.2842,London,England,51.507222,-0.1275,
148,Yasushi Inoue,Yasushi Inoue,Q712734,Hokkaidō,Japan,"43,142",,Tokyo,Japan,35.683889,139.774444,
149,J.G. Farrell,J. G. Farrell,Q542763,Liverpool,England,53.41666667,-3,Bantry Bay,Ireland,51.65,-9.71666667,
150,Georges Simenon,Georges Simenon,Q128790,Liège,Belgium,50.64528,5.57568,Lausanne,Switzerland,46.53333333,6.633333333,
151,Benito Pérez Galdós,Benito Pérez Galdós,Q189869,Las Palmas de Gran Canaria,Spain,28.12722222,-15.43138889,Madrid,Spain,40.41888889,-3.691944444,
152,Anna Seghers,Anna Seghers,Q57393,Mainz,Germany,50,8.266666667,Berlin,Germany,52.51861111,13.40444444,
153,Sanford Friedman,Sanford Friedman,Q7417620,New York City,United States of America,40.67,-73.94,Manhattan,United States of America,40.72833333,-73.99416667,
154,Leonardo Sciascia,Leonardo Sciascia,Q317142,Racalmuto,Italy,37.40833333,13.73472222,Palermo,Italy,38.115658,13.361262,
155,Silvina Ocampo,Silvina Ocampo,Q442829,Buenos Aires,Argentina,-34.59972222,-58.38194444,Buenos Aires,Argentina,-34.59972222,-58.38194444,
156,Yashar Kemal,Yaşar Kemal,Q327142,Gökçedam,Turkey,37.19027778,36.09194444,Istanbul,Turkey,41.01,28.96027778,
157,Thomas Flanagan,Thomas Flanagan,Q2416071,Greenwich,United States of America,41.03888889,-73.61388889,Berkeley,United States of America,37.87027778,-122.2680556,
158,M.I. Finley,Moses I. Finley,Q553825,New York City,United States of America,40.67,-73.94,Cambridge,England,52.20805556,0.1225,
159,Helen Keller,Helen Keller,Q38203,Tuscumbia,United States of America,34.730839,-87.702854,Easton,United States of America,41.26583333,-73.30083333,
160,Bruce Duffy,Bruce Duffy,Q4977409,"Washington, D.C.",United States of America,38.895,-77.03666667,n/a,n/a,n/a,,
161,Richard Hughes,Richard Hughes,Q302433,Weybridge,England,51.36666667,-0.466666667,Harlech,Wales,52.86043889,-4.105488889,
162,Tove Jansson,Tove Jansson,Q102071,Helsinki,Finland,60.17333333,24.94861111,Helsinki,Finland,60.17333333,24.94861111,
163,Leonardo Sciascia,Leonardo Sciascia,Q317142,Racalmuto,Italy,37.40833333,13.73472222,Palermo,Italy,38.115658,13.361262,
164,Tayeb Salih,al-Tayyib Salih,Q561434,Al Dabbah,Sudan,18.050236,30.949517,London,England,51.507222,-0.1275,
165,Nicolas Bouvier,Nicolas Bouvier,Q123518,Lancy,Switzerland,46.18333333,6.133333333,Geneva,Switzerland,46.2,6.15,
166,Georg Christoph Lichtenberg,Georg Christoph Lichtenberg,Q57554,Ober-Ramstadt,Germany,49.83333333,8.75,Göttingen,Germany,51.53388889,9.935555556,
167,H.G. Wells,H. G. Wells,Q42511,London,England,51.507222,-0.1275,London,England,51.507222,-0.1275,
168,Malcolm Lowry,Malcolm Lowry,Q357120,Birkenhead,England,53.38333333,-3.016666667,Chalvington with Ripe,England,50.86443611,0.159125,
169,Barbara Comyns,Barbara Comyns Carr,Q4858822,Warwickshire,England,52.33333333,-1.583333333,Shropshire,England,52.61666667,-2.716666667,
170,Aleksandar Tišma,Aleksandar Tišma,Q699950,Horgoš,Serbia,46.15555556,19.9725,Novi Sad,Serbia,45.26444444,19.83166667,
171,Saki,Saki,Q311526,Sittwe,Myanmar,20.14444444,92.89694444,Beaumont-Hamel,France,50.08361111,2.656388889,
172,Tess Slesinger,Tess Slesinger,Q7705575,New York City,United States of America,40.67,-73.94,Los Angeles,United States of America,34.05,-118.25,
173,Honoré de Balzac,Honoré de Balzac,Q9711,Tours,France,47.39277778,0.688333333,Paris,France,48.85657778,2.351827778,
174,Tove Jansson,Tove Jansson,Q102071,Helsinki,Finland,60.17333333,24.94861111,Helsinki,Finland,60.17333333,24.94861111,
175,Patrick Leigh Fermor,Patrick Leigh Fermor,Q700616,London,England,51.507222,-0.1275,Dumbleton,England,52.0224,-1.97809,
176,Carl Van Vechten,Carl Van Vechten,Q312851,Cedar Rapids,United States of America,41.98333333,-91.66861111,New York City,United States of America,40.67,-73.94,
177,Milton Rokeach,Milton Rokeach,Q1364741,Hrubieszów,Poland,50.81666667,23.88333333,Los Angeles,United States of America,34.05,-118.25,
178,C.V. Wedgwood,Veronica Wedgwood,Q546097,Northumberland,England,55.16666667,-2,London,England,51.507222,-0.1275,
179,Edward Lewis Wallant,Edward Lewis Wallant,Q362615,New Haven,United States of America,41.30833333,-72.925,New York City,United States of America,40.67,-73.94,
180,Maria Dermout,Maria Dermoût,Q2880471,Pekalongan,Indonesia,-6.888333333,109.6752778,The Hague,Netherlands,52.08416667,4.3175,
181,Nancy Mitford,Nancy Mitford,Q260026,London,England,51.507222,-0.1275,Versailles,France,48.80472222,2.134166667,
182,Tove Jansson,Tove Jansson,Q102071,Helsinki,Finland,60.17333333,24.94861111,Helsinki,Finland,60.17333333,24.94861111,
183,Martin Farquhar Tupper,Martin Farquhar Tupper,Q1237247,London,England,51.507222,-0.1275,Albury,England,51.2193,-0.5015,
183,Edgar Allen Poe,Edgar Allen Poe,Q55008167,Boston,United States of America,42.35777778,-71.06166667,Baltimore,United States of America,39.28638889,-76.615,
183,Robert Merry,Robert Merry,Q16859410,London,England,51.507222,-0.1275,Baltimore,United States of America,39.28638889,-76.615,
183,Elizabeth Oakes Smith,Elizabeth Oakes Smith,Q5363282,North Yarmouth,United States of America,43.85777778,-70.24027778,Blue Point,United States of America,40.7503,-73.0344,
183,Sir Richard Blackmore,Richard Blackmore,Q1143200,Corsham,England,51.43,-2.19,"Boxted, Essex",England,51.9628,0.9028,
183,Erasmus Darwin,Erasmus Darwin,Q234050,Elston,England,53.025,-0.868611,Breadsall,England,52.954,-1.45,
183,Adam Lindsay Gordon,Adam Gordon,Q350313,Faial Island,Portugal,38.57694444,-28.70277778,Brighton,Australia,-37.905,144.996,
183,Robert Montgomery,Robert Montgomery,Q7347763,unknown,unknown,unknown,,Brighton,England,50.824167,-0.133889,
183,Joseph Cottle,Joseph Cottle,Q6282295,Bristol,England,51.45,-2.583333333,Bristol,England,51.45,-2.583333333,
183,Henry Kirke White,Henry Kirke White,Q5724396,Nottingham,England,52.955,-1.149166667,Cambridge,England,52.20805556,0.1225,
183,Henry Wadsworth Longfellow,Henry Wadsworth Longfellow,Q152513,Portland,United States of America,43.66666667,-70.26666667,Cambridge,United States of America,42.375,-71.10611111,
183,John Duncombe,John Duncombe,Q15070114,London,England,51.507222,-0.1275,Canterbury,England,51.278333,1.0775,
183,Abraham Cowley,Abraham Cowley,Q329896,London,England,51.507222,-0.1275,Chertsey,England,51.3902,-0.5074,
183,Ralph Waldo Emerson,Ralph Waldo Emerson,Q48226,Boston,United States of America,42.35777778,-71.06166667,Concord,United States of America,42.46027778,-71.34944444,
183,John Armstrong,John Armstrong,Q713821,Roxburghshire,Scotland,55.5,-2.5,Covent Garden,England,51.512,-0.123456,
183,Thomas Holley Chivers,Thomas Holley Chivers,Q979771,Washington,United States of America,33.73680556,-82.73930556,Decatur,United States of America,33.7714,-84.2978,
183,Robert Burns,Robert Burns,Q81960,Alloway,Scotland,55.43,-4.636,Dumfries,Scotland,55.06666667,-3.616666667,
183,Elizabeth Barrett Browning,Elizabeth Barrett Browning,Q228494,Durham,England,54.78333333,-1.566666667,Florence,Italy,43.77138889,11.25416667,
183,William Shenstone,William Shenstone,Q329141,Halesowen,England,52.45016389,-2.050936111,Halesowen,England,52.45016389,-2.050936111,
183,Joseph Addison,Joseph Addison,Q206384,Milston,England,51.206389,-1.769167,Kensington,England,51.5004,-0.1909,
183,Robert Southey,Robert Southey,Q216838,Bristol,England,51.45,-2.583333333,Keswick,England,54.5999,-3.1293,
183,John Close,John Close,Q18085702,Gunnerside,England,54.379,-2.076,Kirkby Stephen,England,54.4716,-2.3479,
183,Thomas Sprat,Thomas Sprat,Q267683,Beaminster,England,50.81,-2.741,London,England,51.507222,-0.1275,
183,Thomas Chatterton,Thomas Chatterton,Q380509,Bristol,England,51.45,-2.583333333,London,England,51.507222,-0.1275,
183,Nahum Tate,Nahum Tate,Q956310,Dublin,Ireland,53.3425,-6.265833333,London,England,51.507222,-0.1275,
183,Oliver Goldsmith,Oliver Goldsmith,Q236236,Elphin,Ireland,53.85,-8.02,London,England,51.507222,-0.1275,
183,Colley Cibber,Colley Cibber,Q918326,London,England,51.507222,-0.1275,London,England,51.507222,-0.1275,
183,"John Sheffield, Duke of Buckinghamshire","John Sheffield, 1st Duke of Buckingham and Normanby",Q2736244,London,England,51.507222,-0.1275,London,England,51.507222,-0.1275,
183,John Dryden,John Dryden,Q213355,Oundle,England,52.48,-0.472,London,England,51.507222,-0.1275,
183,Charles Mackay,Charles Mackay,Q725382,Perth,England,56.39527778,-3.431666667,London,England,51.507222,-0.1275,
183,Christopher Smart,Christopher Smart,Q2617795,Shipbourne,England,51.24936944,0.284019444,London,England,51.507222,-0.1275,
183,Ambrose Philips,Ambrose Philips,Q2404968,Shropshire,England,52.61666667,-2.716666667,London,England,51.507222,-0.1275,
183,Isaac Watts,Isaac Watts,Q537034,Southampton,England,50.906944,-1.404722,London,England,51.507222,-0.1275,
183,Julia Moore,Julia A. Moore,Q6306153,Plainfield Township,United States of America,44.405,-83.78,Manton,United States of America,44.410833,-85.398889,
183,"George Gordon, Lord Byron",Lord Byron,Q5679,London,England,51.507222,-0.1275,Missolonghi,Greece,38.36666667,21.41666667,
183,Sydney Thompson Dobell,Sydney Thompson Dobell,Q3540415,Cranbrook,England,51.1007,0.5345,Nailsworth,England,51.6954,-2.2234,
183,"Thomas Warton, the Younger",Thomas Warton,Q1971218,Basingstoke,England,51.2667,-1.0876,Oxford,England,51.75194444,-1.257777778,
183,"Edward Robert Bulwer Lytton, Earl of Lytton","Robert Bulwer-Lytton, 1st Earl of Lytton",Q335493,London,England,51.507222,-0.1275,Paris,France,48.85657778,2.351827778,
183,James Henry Leigh Hunt,Leigh Hunt,Q655213,Southgate,England,51.6316,-0.1265,Putney,England,51.4649,-0.2211,
183,John Keats,John Keats,Q82083,London,England,51.507222,-0.1275,Rome,Italy,41.89305556,12.48277778,
183,William Wordsworth,William Wordsworth,Q45546,Cockermouth,England,54.6613,-3.362,Rydal,England,54.433,-2.983,
183,Robert Pollok,Robert Pollok,Q7348957,Renfrewshire,Scotland,55.829858,-4.542838,Shirley,England,50.9218,-1.4323,
183,"Alfred, Lord Tennyson","Alfred, Lord Tennyson",Q173869,Somersby,England,53.2346,0.01219,Sussex,England,51,0,
183,Hannah Cowley,Hannah Cowley,Q3126838,Tiverton,England,50.903,-3.488,Tiverton,England,50.903,-3.488,
183,George Crabbe,George Crabbe,Q903516,Aldeburgh,England,52.15,1.6,Trowbridge,England,51.317,-2.217,
183,Mary Robinson,Mary Robinson,Q532255,Bristol,England,51.45,-2.583333333,unknown,England,53,-1,
183,"Margaret Cavendish, Duchess of Newcastle","Margaret Cavendish, Duchess of Newcastle-upon-Tyne",Q242640,Colchester,England,51.888611,0.903611,unknown,England,53,-1,
183,James Grainger,James Grainger,Q6134850,Duns,England,55.7784,-2.3426,unknown,St. Kitts,17.319722,-62.747222,
183,John Dyer,John Dyer,Q3397435,Llanfynydd,Wales,51.928,-4.098,unknown,unknown,unknown,,
183,Edward Jerningham,Edward Jerningham,Q18528200,Norfolk,England,52.666667,1,unknown,unknown,unknown,,
183,Thomas Haynes Bayly,Thomas Haynes Bayly,Q7790528,unknown,England,53,-1,unknown,England,53,-1,
183,Cornelius Whur,Cornelius Whur,Q59313775,unknown,unknown,unknown,,unknown,unknown,unknown,,
183,Edward Edwin Foot,Edward Edwin Foot,Q59314580,unknown,unknown,unknown,,unknown,unknown,unknown,,
183,George Eveleigh,George Eveleigh,Q59314521,unknown,unknown,unknown,,unknown,unknown,unknown,,
183,John Banks,John Banks,Q3180991,unknown,unknown,unknown,,unknown,unknown,unknown,,
183,Lord Hervey John,"John Hervey, 2nd Baron Hervey",Q1006241,unknown,unknown,unknown,,unknown,unknown,unknown,,
183,Samuel Carter,Samuel Carter,Q59314490,unknown,unknown,unknown,,unknown,unknown,unknown,,
183,T. Baker,T. Baker,Q59314444,unknown,unknown,unknown,,unknown,unknown,unknown,,
183,Della Cruscans,William Parsons,Q15994675,unknown,unknown,unknown,,unknown,unknown,unknown,,
183,Edward Young,Edward Young,Q507699,Upham,England,50.97866111,-1.242819444,Welwyn,England,51.831,-0.215,
183,Joseph Warton,Joseph Warton,Q2617349,Dunsfold,England,51.11611111,-0.563805556,Wickham,England,50.9,-1.19,
183,Eliza Cook,Eliza Cook,Q4245675,"London Road, Southwark",England,51.498,-0.10394,Wimbledon,England,51.4235,-0.2171,
184,Alexander Blok,Sergei Yesenin,Q31628,Konstantinovo,Russia,54.86472222,39.60055556,Angleterre Hotel,Russia,59.933771,30.308704,
184,Anna Akhmatova,Anna Akhmatova,Q80440,Odessa,Ukraine,46.485722,30.743444,Domodedovo,Russia,55.43333333,37.75,
184,Osip Mandelstam,Velimir Khlebnikov,Q35733,Malye Derbety,Russia,47.95472222,44.68083333,Kresttsy,Russia,58.25472222,32.51138889,
184,Velimir Khlebnikov,Vladimir Mayakovsky,Q132964,Baghdati,Georgia,42.08333333,42.83333333,Moscow,Russia,55.75583333,37.61777778,
184,Vladimir Mayakovsky,Boris Pasternak,Q41223,Moscow,Russia,55.75583333,37.61777778,Peredelkino,Russia,55.65555556,37.3325,
184,Marina Tsvetaeva,Alexander Blok,Q164765,Saint Petersburg,Russia,59.95,30.31666667,Saint Petersburg,Russia,59.95,30.31666667,
184,Boris Pasternak,Osip Mandelstam,Q189950,Warsaw,Poland,52.21666667,21.03333333,Vladivostok,Russia,43.11666667,131.9,
184,Sergei Esenin,Marina Tsvetaeva,Q188526,Moscow,Russia,55.75583333,37.61777778,Yelabuga,Russia,55.76666667,52.03333333,
185,J.F. Powers,J. F. Powers,Q1369803,Jacksonville,United States of America,39.7319,-90.2344,Collegeville Township,United States of America,45.55361111,-94.44583333,
186,Gilbert Seldes,Gilbert Seldes,Q969685,Alliance,United States of America,39.493,-75.08,New York City,United States of America,40.67,-73.94,
187,Gert Ledig,Gert Ledig,Q91056,Leipzig,Germany,51.33333333,12.38333333,Landsberg am Lech,Germany,48.03333333,10.88333333,
188,Gregor von Rezzori,Gregor von Rezzori,Q78685,Chernivtsi,Ukraine,48.29083333,25.93444444,Reggello,Italy,43.68333333,11.53333333,statelessness
189,Tatyana Tolstaya,Tatyana Tolstaya,Q274342,Saint Petersburg,Russia,59.95,30.31666667,n/a,n/a,n/a,,
190,Patrick Hamilton,Patrick Hamilton,Q1278407,Hassocks,England,50.92330278,-0.150863889,Sheringham,England,52.93333333,1.216666667,
191,Curzio Malaparte,Curzio Malaparte,Q312637,Prato,Italy,43.88081389,11.09656111,Rome,Italy,41.89305556,12.48277778,
192,J.G. Farrell,J. G. Farrell,Q542763,Liverpool,England,53.41666667,-3,Bantry Bay,Ireland,51.65,-9.71666667,
193,J.G. Farrell,J. G. Farrell,Q542763,Liverpool,England,53.41666667,-3,Bantry Bay,Ireland,51.65,-9.71666667,
194,Cesare Pavese,Cesare Pavese,Q2022,Santo Stefano Belbo,Italy,44.7,8.233333333,Turin,Italy,45.06666667,7.7,
195,Osip Mandelstam,Osip Mandelstam,Q189950,Warsaw,Poland,52.21666667,21.03333333,Vladivostok,Russia,43.11666667,131.9,
196,Robert Kirk,Robert Kirk,Q3435583,Aberfoyle,Scotland,56.179,-4.385,Stirling,Scotland,56.5,-4,
197,L.H. Myers,Leo Myers,Q6524081,Cambridge,England,52.20805556,0.1225,Marlow,England,51.566667,-0.766667,
198,Vasily Grossman,Vasily Grossman,Q313767,Berdychiv,Ukraine,49.89194444,28.6,Moscow,Russia,55.75583333,37.61777778,
199,Theodor Storm,Theodor Storm,Q26993,Husum,Germany,54.47694444,9.051111111,Hanerau-Hademarschen,Germany,54.12861111,9.416111111,
200,Camara Laye,Camara Laye,Q1371169,Guinea,Guinea,10,-11,Dakar,Senegal,14.73194444,-17.45722222,
201,Vladimir Sorokin,Vladimir Sorokin,Q319839,"Bykovo, Moscow Oblast",Russia,55.63166667,38.09055556,n/a,n/a,n/a,,
202,A.J.A. Symons,A. J. A. Symons,Q4647877,London,England,51.507222,-0.1275,Colchester,England,51.888611,0.903611,
203,Colette,Colette,Q218679,Saint-Sauveur-en-Puisaye,France,47.61833333,3.197222222,Paris,France,48.85657778,2.351827778,
204,Penelope Mortimer,Penelope Mortimer,Q3740753,Rhyl,Wales,53.32123056,-3.480188889,Kensington,England,51.5004,-0.1909,
205,Giuseppe Tomasi di Lampedusa,Giuseppe Tomasi di Lampedusa,Q213482,Palermo,Italy,38.115658,13.361262,Rome,Italy,41.89305556,12.48277778,
206,James Hogg,James Hogg,Q941810,Ettrick,Scotland,55.4188,-3.1708,Ettrick,Scotland,55.4188,-3.1708,
207,Max Beerbohm,Max Beerbohm,Q472071,London,England,51.507222,-0.1275,Rapallo,Italy,44.35,9.233333333,
208,Anton Chekhov,Anton Chekhov,Q5685,Taganrog,Russia,47.23333333,38.9,Badenweiler,Germany,47.80166667,7.671944444,
209,Stefan Zweig,Stefan Zweig,Q78491,Vienna,Austria,48.20833,16.373064,Petrópolis,Brazil,-22.505,-43.17888889,
210,Glenway Wescott,Glenway Wescott,Q347890,Kewaskum,United States of America,43.514167,-88.223333,Rosemont,United States of America,40.4272,-74.99,
211,J.A. Baker,J. A. Baker,Q11865403,Chelmsford,England,51.7361,0.4798,Witham,England,51.7978,0.6373,
212,K'ung Shang-jen,Kong Shangren,Q834579,Qufu,China,35.6,116.9833333,Qufu,China,35.6,116.9833333,
213,Millen Brand,Millen Brand,Q6858736,Jersey City,United States of America,40.71138889,-74.06472222,New York City,United States of America,40.67,-73.94,
214,Henry James,Henry James,Q170509,New York City,United States of America,40.67,-73.94,Chelsea,England,51.4875,-0.1684,
215,Henry James,Henry James,Q170509,New York City,United States of America,40.67,-73.94,Chelsea,England,51.4875,-0.1684,
216,Thomas Tryon,Tom Tryon,Q1448930,Hartford,United States of America,41.76333333,-72.685,Los Angeles,United States of America,34.05,-118.25,
217,Masanobu Fukuoka,Masanobu Fukuoka,Q334997,Iyo,Japan,33.7575,132.7038889,Iyo,Japan,33.7575,132.7038889,
218,Elaine Dundy,Elaine Dundy,Q1324800,New York City,United States of America,40.67,-73.94,Los Angeles,United States of America,34.05,-118.25,
219,Kingsley Amis,Kingsley Amis,Q220078,Clapham,England,51.46,-0.14,London,England,51.507222,-0.1275,
220,Joseph Joubert,Joseph Joubert,Q551754,Montignac,France,45.06638889,1.161388889,Villeneuve-sur-Yonne,France,48.08138889,3.296666667,
221,Henry James,Henry James,Q170509,New York City,United States of America,40.67,-73.94,Chelsea,England,51.4875,-0.1684,
222,Elizabeth Hardwick,Elizabeth Hardwick,Q465242,Lexington,United States of America,38.02972222,-84.49472222,Manhattan,United States of America,40.72833333,-73.99416667,
223,Edith Wharton,Edith Wharton,Q276032,New York City,United States of America,40.67,-73.94,Saint-Brice-sous-Forêt,France,48.99861111,2.356944444,
224,Alexandros Papadiamantis,Alexandros Papadiamantis,Q320984,Skiathos,Greece,39.16666667,23.48333333,Skiathos,Greece,39.16666667,23.48333333,
225,Jean Stafford,Jean Stafford,Q290633,Covina,United States of America,34.09166667,-117.8791667,White Plains,United States of America,41.04,-73.778611,
226,Leonardo Sciascia,Leonardo Sciascia,Q317142,Racalmuto,Italy,37.40833333,13.73472222,Palermo,Italy,38.115658,13.361262,
227,Cesare Pavese,Cesare Pavese,Q2022,Santo Stefano Belbo,Italy,44.7,8.233333333,Turin,Italy,45.06666667,7.7,
228,Élisabeth Gille,Élisabeth Gille,Q274682,Paris,France,48.85657778,2.351827778,Paris,France,48.85657778,2.351827778,
229,Lionel Trilling,Lionel Trilling,Q1827287,Queens,United States of America,40.70416667,-73.91777778,New York City,United States of America,40.67,-73.94,
230,Brian Moore,Brian Moore,Q912791,Belfast,Northern Ireland,54.59666667,-5.938333333,Malibu,United States of America,34.03055556,-118.7786111,
231,Jean-Patrick Manchette,Jean-Patrick Manchette,Q301951,Marseille,France,43.29666667,5.376388889,Paris,France,48.85657778,2.351827778,
232,Iona Opie,Iona Opie,Q18530883,Colchester,England,51.888611,0.903611,Petersfield,England,51.003769,-0.934531,
232,Peter Opie,Peter Opie,Q18530822,Cairo,Egypt,30.05611111,31.23944444,West Liss,England,51.04,-0.895,
233,Hugo von Hofmannsthal,Hugo von Hofmannsthal,Q51513,Vienna,Austria,48.20833,16.373064,Rodaun,Austria,48.1328,16.2422,
234,Frans G. Bengtsson,Frans G. Bengtsson,Q444002,Tåssjö församling,Sweden,56.30733333,13.09016667,Amnehärads församling,Sweden,58.99008333,14.0855,
235,Brian Moore,Brian Moore,Q912791,Belfast,Northern Ireland,54.59666667,-5.938333333,Malibu,United States of America,34.03055556,-118.7786111,
237,Bohumil Hrabal,Bohumil Hrabal,Q242130,Brno-Židenice,Czech Republic,49.2041,16.6367,Prague,Czech Republic,50.08861111,14.42138889,
238,,Anonymous,,unknown,unknown,unknown,,unknown,unknown,unknown,,
239,Stendhal,Stendhal,Q502,Grenoble,France,45.18694444,5.726388889,Paris,France,48.85657778,2.351827778,
240,Lionel Trilling,Lionel Trilling,Q1827287,Queens,United States of America,40.70416667,-73.91777778,New York City,United States of America,40.67,-73.94,
241,Sigizmund Krzhizhanovsky,Sigizmund Krzhizhanovsky,Q1813169,Kiev,Ukraine,50.45,30.52361111,Moscow,Russia,55.75583333,37.61777778,
242,Luigi Pirandello,Luigi Pirandello,Q1403,Agrigento,Italy,37.311075,13.57654722,Rome,Italy,41.89305556,12.48277778,
243,John Ehle,John Ehle,Q6231502,Asheville,United States of America,35.58,-82.55583333,Winston-Salem,United States of America,36.1025,-80.26055556,
244,David Stacton,David Derek Stacton,Q5232932,San Francisco,United States of America,37.766667,-122.433333,Fredensborg,Denmark,55.97777778,12.4,
245,Henry David Thoreau,Henry David Thoreau,Q131149,Concord,United States of America,42.46027778,-71.34944444,Concord,United States of America,42.46027778,-71.34944444,
246,Albert Cossery,Albert Cossery,Q551779,Cairo,Egypt,30.05611111,31.23944444,Paris,France,48.85657778,2.351827778,
247,Henry Adams,Henry Adams,Q458390,Boston,United States of America,42.35777778,-71.06166667,"Washington, D.C.",United States of America,38.895,-77.03666667,
248,Henry James,Henry James,Q170509,New York City,United States of America,40.67,-73.94,Chelsea,England,51.4875,-0.1684,
249,Adolfo Bioy Casares,Adolfo Bioy Casares,Q298035,Buenos Aires,Argentina,-34.59972222,-58.38194444,Buenos Aires,Argentina,-34.59972222,-58.38194444,
250,Dante Alighieri,Dante Alighieri,Q1067,Florence,Italy,43.77138889,11.25416667,Ravenna,Italy,44.41777778,12.19944444,
251,Honoré de Balzac,Honoré de Balzac,Q9711,Tours,France,47.39277778,0.688333333,Paris,France,48.85657778,2.351827778,
252,Algernon Blackwood,Algernon Blackwood,Q507991,Greenwich,England,51.48,0,Beckenham,England,51.4077,-0.022,
252,W.H. Harvey,M. R. James,Q963715,Dover,England,51.1275,1.312222222,Eton,England,51.4881,-0.6092,
252,Charles Dickens,Charles Dickens,Q5686,Landport,England,50.803,-1.087,Gads Hill Place,England,51.4112,0.4579,
252,L.P. Hartley,W. W. Jacobs,Q1385758,Wapping,England,51.5073,-0.061,Islington,England,51.544,-0.1027,
252,R.H. Malden,W. F. Harvey,Q2364547,Yorkshire,England,54,-2,Letchworth Garden City,England,51.978,-0.23,
252,Robert Louis Stevenson,Wilkie Collins,Q210740,London,England,51.507222,-0.1275,London,England,51.507222,-0.1275,
252,E. Nesbit,L. P. Hartley,Q654747,Whittlesey,England,52.55668056,-0.130719444,London,England,51.507222,-0.1275,
252,Bram Stoker,Edith Nesbit,Q231708,Kennington,England,51.4813,-0.1197,New Romney,England,50.985,0.941,
252,Tom Hood,Bram Stoker,Q36184,Clontarf,Ireland,53.365,-6.21,St George's Square,England,51.488,-0.135,
252,W.W. Jacobs,Tom Hood,Q1270673,London Borough of Waltham Forest,England,51.56666667,-0.033333333,Surrey,England,51.25,-0.416666667,
252,Wilkie Collins,Robert Louis Stevenson,Q1512,Edinburgh,Scotland,55.95,-3.198888889,"Vailima, Samoa",Samoa,-13.85983333,-171.7593333,
252,M.R. James,Richard Malden,Q7327611,Kensington,England,51.5004,-0.1909,Wells,England,51.20916667,-2.650833333,
253,Simon Leys,Pierre Ryckmans,Q732583,Brussels,Belgium,50.84666667,4.3525,Canberra,Australia,-35.30277778,149.1416667,
254,Kingsley Amis,Kingsley Amis,Q220078,Clapham,England,51.46,-0.14,London,England,51.507222,-0.1275,
255,Josep Pla,Josep Pla,Q740256,Palafrugell,Spain,41.918182,3.16302,Llofriu,Spain,41.93305556,3.133055556,
256,T.H. White,T. H. White,Q453410,Mumbai,India,18.96666667,72.83333333,Piraeus,Greece,37.96666667,23.63333333,
257,Shchedrin,Mikhail Saltykov-Shchedrin,Q211785,Spas-Ugol,Russia,56.85722222,37.93388889,Saint Petersburg,Russia,59.95,30.31666667,
258,L.P. Hartley,L. P. Hartley,Q654747,Whittlesey,England,52.55668056,-0.130719444,London,England,51.507222,-0.1275,
259,Ernst Junger,Ernst Jünger,Q76727,Heidelberg,Germany,49.41222222,8.71,Riedlingen,Germany,48.15527778,9.472777778,
260,Natsume Soseki,Natsume Sōseki,Q180903,Kikuichō,Japan,35.701389,139.709722,Tokyo,Japan,35.683889,139.774444,
261,John Horne Burns,John Horne Burns,Q6239895,Andover,United States of America,42.65833333,-71.1375,Cecina,Italy,43.31388889,10.525,
262,Janet Hobhouse,Janet Hobhouse,Q18808803,Manhattan,United States of America,40.72833333,-73.99416667,Manhattan,United States of America,40.72833333,-73.99416667,
263,Richard Hughes,Richard Hughes,Q302433,Weybridge,England,51.36666667,-0.466666667,Harlech,Wales,52.86043889,-4.105488889,
264,Rebecca West,Rebecca West,Q59276104,unknown,unknown,unknown,,unknown,unknown,unknown,,
265,Andrey Platonov,Andrei Platonov,Q315147,Voronezh,Russia,51.67166667,39.21055556,Moscow,Russia,55.75583333,37.61777778,
266,Der Nister,Der Nister,Q1196043,Berdychiv,Ukraine,49.89194444,28.6,Soviet Union,Soviet Union,65,90,
267,Arthur Conan Doyle,Arthur Conan Doyle,Q35610,Edinburgh,Scotland,55.95,-3.198888889,Crowborough,England,51.06,0.16,
268,Dorothy B. Hughes,Dorothy B. Hughes,Q1778440,Kansas City,United States of America,39.05,-94.58333333,Ashland,United States of America,42.19138889,-122.7008333,
269,Elizabeth von Arnim,Elizabeth von Arnim,Q76189,Sydney,Australia,-33.86666667,151.2,Charleston,United States of America,32.77611111,-79.9325,
270,Russell Page,Russell Page,Q1108641,Lincolnshire,England,53.06666667,-0.183333333,London,England,51.507222,-0.1275,
271,Elaine Dundy,Elaine Dundy,Q1324800,New York City,United States of America,40.67,-73.94,Los Angeles,United States of America,34.05,-118.25,
272,Magda Szab,Magda Szabó,Q231948,Debrecen,Hungary,47.53,21.63916667,Budapest,Hungary,47.49833333,19.04083333,
273,Boles_aw Prus,Bolesław Prus,Q144439,Hrubieszów,Poland,50.81666667,23.88333333,Warsaw,Poland,52.21666667,21.03333333,
274,Simon Leys,Pierre Ryckmans,Q732583,Brussels,Belgium,50.84666667,4.3526,Canberra,Australia,-35.30277778,149.1416667,
275,Leonardo Sciascia,Leonardo Sciascia,Q317142,Racalmuto,Italy,37.40833333,13.73472222,Palermo,Italy,38.115658,13.361262,
276,Harold W. Cruse,Harold W. Cruse,Q3127645,Petersburg,United States of America,37.21295,-77.400417,Ann Arbor,United States of America,42.27527778,-83.73083333,
277,Paul Hazard,Paul Hazard,Q462281,Noordpeene,France,50.80611111,2.398055556,Paris,France,48.85657778,2.351827778,
278,Mavis Gallant,Mavis Gallant,Q2550824,Montreal,Canada,45.50888889,-73.56166667,Paris,France,48.85657778,2.351827778,
279,Francis Wyndham,Francis Wyndham,Q1441798,London,England,51.507222,-0.1275,London,England,51.507222,-0.1275,
280,John Wyndham,John Wyndham,Q313673,Birmingham,England,52.48333333,-1.9,London,England,51.507222,-0.1275,
281,Jules Valles,Jules Vallès,Q551597,Le Puy-en-Velay,France,45.04333333,3.885,Paris,France,48.85657778,2.351827778,
282,Victor Serge,Victor Serge,Q362009,Brussels,Belgium,50.84666667,4.3529,Esu,Mexico,19.41944444,-99.14555556,statelessness
283,Alexander Pushkin,Alexander Pushkin,Q7200,Moscow,Russia,55.75583333,37.61777778,Saint Petersburg,Russia,59.95,30.31666667,
284,Bela Zombory-Moldovan,Béla Zombory-Moldován,Q30611279,Mukachevo,Ukraine,48.44138889,22.71361111,unknown,unknown,unknown,,
285,Patrick Leigh Fermor,Patrick Leigh Fermor,Q700616,London,England,51.507222,-0.1275,Dumbleton,England,52.0224,-1.97809,
286,Simone Schwarz-Bart,Simone Schwarz-Bart,Q3100348,Saintes,France,45.74527778,-0.634444444,n/a,n/a,n/a,,
287,Girolamo Cardano,Gerolamo Cardano,Q184530,Province of Pavia,Italy,45.18333333,9.15,Nueva Imperial,Chile,-38.73333333,-72.95,
288,G.B. Edwards,Gerald Basil Edwards,Q3103855,Guernsey,Guernsey,49.45,-2.583333333,Weymouth,England,50.61305556,-2.456944444,
289,P.V. Glob,Peter Vilhelm Glob,Q1369099,Kalundborg,Denmark,55.68138889,11.085,Djursland,Denmark,56.38333333,10.63333333,
290,Jeremias Gotthelf,Jeremias Gotthelf,Q122358,Murten,Switzerland,46.92805556,7.116944444,Lützelflüh,Switzerland,47.0091,7.6892,
291,Kenneth Fearing,Kenneth Fearing,Q6390093,Oak Park,United States of America,41.88333333,-87.8,Upper East Side,United States of America,40.76916667,-73.96555556,
292,Nirad C. Chaudhuri,Nirad C. Chaudhuri,Q982828,Bengal,British Raj,24,88,Oxford,England,51.75194444,-1.257777778,
293,Robert Burton,Robert Burton,Q259132,Leicestershire,England,52.71666667,-1.183333333,Oxford,England,51.75194444,-1.257777778,
294,Kingsley Amis,Kingsley Amis,Q220078,Clapham,England,51.46,-0.14,London,England,51.507222,-0.1275,
295,Gyula Krudy,Gyula Krúdy,Q527239,Nyíregyháza,Hungary,47.95,21.71666667,Budapest,Hungary,47.49833333,19.04083333,
296,Alvaro Mutis,Álvaro Mutis,Q251123,Bogotá,Colombia,4.598888889,-74.08083333,Esu,Mexico,19.41944444,-99.14555556,
297,Carlo Emilio Gadda,Carlo Emilio Gadda,Q378645,Milan,Italy,45.464161,9.190336,Rome,Italy,41.89305556,12.48277778,
298,William McPherson,William McPherson,Q8015509,Sault Ste. Marie,United States of America,46.49694444,-84.34555556,"Washington, D.C.",United States of America,38.895,-77.03666667,
299,Linda Rosenkrantz,Linda Rosenkrantz,Q58646057,New York City,United States of America,40.67,-73.94,n/a,n/a,n/a,,
300,Kingsley Amis,Kingsley Amis,Q220078,Clapham,England,51.46,-0.14,London,England,51.507222,-0.1275,
301,Gyula Krdy,Gyula Krúdy,Q527239,Nyíregyháza,Hungary,47.95,21.71666667,Budapest,Hungary,47.49833333,19.04083333,
302,Sylvia Townsend Warner,Sylvia Townsend Warner,Q462270,London Borough of Harrow,England,51.56666667,-0.333333333,Chaldon Herring,England,50.65,-2.3,
303,Elizabeth David,Elizabeth David,Q4944293,Folkington,England,50.8141131,0.1917004,London,England,51.507222,-0.1275,
304,Robert Sheckley,Robert Sheckley,Q333246,New York City,United States of America,40.67,-73.94,Poughkeepsie,United States of America,41.70527778,-73.93055556,
305,Tim Robinson,Tim Robinson,Q7804179,Yorkshire,England,54,-2,n/a,n/a,n/a,,
306,Tim Robinson,Tim Robinson,Q7804179,Yorkshire,England,54,-2,n/a,n/a,n/a,,
307,John Williams,John Edward Williams,Q2077062,Clarksville,United States of America,33.6111,-95.0525,Fayetteville,United States of America,36.07638889,-94.16083333,
308,Renata Adler,Renata Adler,Q1567518,Milan,Italy,45.464161,9.190336,n/a,n/a,n/a,,
309,Jakov Lind,Jakov Lind,Q79038,Vienna,Austria,48.20833,16.373064,London,England,51.507222,-0.1275,
310,Andrey Platonov,Andrei Platonov,Q315147,Voronezh,Russia,51.67166667,39.21055556,Moscow,Russia,55.75583333,37.61777778,
311,Kabir,Kabir,Q312551,Varanasi,India,25.30694444,83.00611111,Maghar,India,26.76,83.13,
312,Peter Handke,Peter Handke,Q44107,Griffen,Austria,46.70444444,14.73277778,n/a,n/a,n/a,,
313,Elizabeth Hardwick,Elizabeth Hardwick,Q465242,Lexington,United States of America,38.02972222,-84.49472222,Manhattan,United States of America,40.72833333,-73.99416667,
314,Dezs_ Kosztolnyi,Dezső Kosztolányi,Q27610,Subotica,Serbia,46.09833333,19.67,Budapest,Hungary,47.49833333,19.04083333,
315,Peter Handke,Peter Handke,Q44107,Griffen,Austria,46.70444444,14.73277778,n/a,n/a,n/a,,
316,Robert Montgomery Bird,Robert Montgomery Bird,Q505715,New Castle,United States of America,39.66472222,-75.56527778,Philadelphia,United States of America,39.95277778,-75.16361111,
317,Richard Holmes,Richard Holmes,Q8237,London,England,51.507222,-0.1275,n/a,n/a,n/a,,
318,Michel de Montaigne,Michel de Montaigne,Q41568,Saint-Michel-de-Montaigne,France,44.87416667,0.03,Saint-Michel-de-Montaigne,France,44.87416667,0.03,
319,Mark Van Doren,Mark Van Doren,Q975491,Vermilion County,United States of America,40.18,-87.74,Torrington,United States of America,41.835,-73.01194444,
320,Edgar Allan Poe,Edgar Allan Poe,Q16867,Boston,United States of America,42.35777778,71.06166667,Baltimore,United States of America,39.28638889,-76.615,
320,Bram Stoker,Algernon Blackwood,Q507991,Greenwich,England,51.48,0,Beckenham,England,51.4077,-0.022,
320,Ambrose Bierce,Henry James,Q170509,New York City,United States of America,40.67,-73.94,Chelsea,England,51.4875,-0.1684,
320,Ambrose Bierce,M. P. Shiel,Q2517956,unknown,Montserrat,16.75,-62.2,Chichester,England,50.8365,-0.7792,
320,Ambrose Bierce,Ambrose Bierce,Q191050,Meigs County,United States of America,39.08,-82.02,Chihuahua,Mexico,28.63527778,-106.0888889,
320,R. W. Chambers,Ambrose Bierce,Q191050,Meigs County,United States of America,39.08,-82.02,Chihuahua,Mexico,28.63527778,-106.0888889,
320,M. P. Shiel,Ambrose Bierce,Q191050,Meigs County,United States of America,39.08,-82.02,Chihuahua,Mexico,28.63527778,-106.0888889,
320,Arthur Machen,Arthur Machen,Q540166,Caerleon,Wales,51.615,-2.959,London,England,51.507222,-0.1275,
320,Algernon Blackwood,Robert W. Chambers,Q1349144,Brooklyn,United States of America,40.69277778,-73.99027778,New York City,United States of America,40.67,-73.94,
320,Henry James,H. P. Lovecraft,Q169566,Providence,United States of America,41.83083333,-71.415,Providence,United States of America,41.83083333,-71.415,
320,Walter de la Mare,Bram Stoker,Q36184,Clontarf,Ireland,53.365,-6.21,St George's Square,England,51.488,-0.135,
320,H. P. Lovecraft,Walter de la Mare,Q981086,Charlton,England,51.487674,0.038992,Twickenham,England,51.4486,-0.3369,
321,Max Beerbohm,Max Beerbohm,Q472071,London,England,51.507222,-0.1275,Rapallo,Italy,44.35,9.233333333,
322,Elizabeth Hardwick,Elizabeth Hardwick,Q465242,Lexington,United States of America,38.02972222,-84.49472222,Manhattan,United States of America,40.72833333,-73.99416667,
323,Tayeb Salih,al-Tayyib Salih,Q561434,Al Dabbah,Sudan,18.050236,30.949517,London,England,51.507222,-0.1275,
324,Olivia Manning,Olivia Manning,Q243130,Portsmouth,England,50.79527778,-1.088888889,Ryde,England,50.7271,-1.1618,
325,Patrick Leigh Fermor,Patrick Leigh Fermor,Q700616,London,England,51.507222,-0.1275,Dumbleton,England,52.0224,-1.97809,
326,Geoffrey Household,Geoffrey Household,Q1503014,Bristol,England,51.45,-2.583333333,Banbury,England,52.06138889,-1.339166667,
327,Adalbert Stifter,Adalbert Stifter,Q168542,Horní Planá,Czech Republic,48.76744996,14.03257324,Linz,Austria,48.3,14.28333333,
328,Emmett Grogan,Emmett Grogan,Q5373523,Brooklyn,United States of America,40.69277778,-73.99027778,New York City,United States of America,40.67,-73.94,
329,Patrick White,Patrick White,Q129187,London,England,51.507222,-0.1275,Sydney,Australia,-33.86666667,151.2,
330,Raymond Kennedy,Raymond Kennedy,Q2134178,Wilbraham,United States of America,42.12361111,-72.43194444,New York City,United States of America,40.67,-73.94,
331,Margaret Leech,Margaret Leech,Q3846874,Newburgh,United States of America,41.51972222,-74.01944444,New York City,United States of America,40.67,-73.94,
332,Jean Renoir,Jean Renoir,Q50713,Paris,France,48.85657778,2.351827778,Beverly Hills,United States of America,34.07305556,-118.3994444,
333,Victor Segalen,Victor Segalen,Q462604,Brest,France,48.39,-4.486944444,Huelgoat,France,48.36444444,-3.744722222,
334,Sir Thomas Browne,Thomas Browne,Q313925,London,England,51.507222,-0.1275,Norwich,England,52.628056,1.299167,
335,Alan Garner,Alan Garner,Q384481,Congleton,England,53.162,-2.217,n/a,n/a,n/a,,
336,Edward John Trelawny,Edward John Trelawny,Q2616608,unknown,England,53,-1,Sompting,England,50.8303,-0.3395,
337,Anton Chekhov,Anton Chekhov,Q5685,Taganrog,Russia,47.23333333,38.9,Badenweiler,Germany,47.80166667,7.671944444,
337,Anton Chekhov,Anton Chekhov,Q5685,Taganrog,Russia,47.23333333,38.9,Badenweiler,Germany,47.80166667,7.671944444,
337,Anton Chekhov,Anton Chekhov,Q5685,Taganrog,Russia,47.23333333,38.9,Badenweiler,Germany,47.80166667,7.671944444,
337,Ludwig Tieck,Ludwig Tieck,Q57239,Berlin,Germany,52.51666667,13.38333333,Berlin,Germany,52.51666667,13.38333333,
337,Jacob Grimm,Jacob Grimm,Q6701,Hanau,Germany,50.13333333,8.916666667,Berlin,Germany,52.51666667,13.38333333,
337,Wilhelm Grimm,Wilhelm Grimm,Q6714,Hanau,Germany,50.13333333,8.916666667,Berlin,Germany,52.51666667,13.38333333,
337,Robert Frost,Robert Frost,Q168728,San Francisco,United States of America,37.766667,-122.433333,Boston,United States of America,42.35777778,-71.06166667,
337,Ivan Turgenev,Ivan Turgenev,Q42831,Oryol,Russia,52.96666667,36.08333333,Bougival,France,48.865,2.139444444,
337,Bertolt Brecht,Bertolt Brecht,Q38757,Augsburg,Germany,48.37166667,10.89833333,Brecht House,Germany,52.5289,13.3847,
337,Isaac Babel,Isaak Babel,Q49080,Odessa,Ukraine,46.485722,30.743444,Butyrka prison,Russia,55.78444444,37.59388889,
337,Giovanni Verga,Giovanni Verga,Q271814,Catania,Italy,37.50266944,15.08726944,Catania,Italy,37.50266944,15.08726944,
337,Peter Taylor,Peter Matthew Hillsman Taylor,Q979076,Trenton,United States of America,35.97361111,-88.94166667,Charlottesville,United States of America,38.0299,-78.479,
337,Hans Christian Anderson,Hans Christian Andersen,Q5673,Odense,Denmark,55.4,10.38333333,Copenhagen,Denmark,55.67611111,12.56888889,
337,E. M. Forster,E. M. Forster,Q189119,London,England,51.507222,-0.1275,Coventry,England,52.41666667,-1.516666667,
337,Frank O'Connor,Frank O'Connor,Q1351972,Cork,Ireland,51.9,-8.473055556,Dublin,Ireland,53.3425,-6.265833333,
337,Franz Kafka,Franz Kafka,Q905,Prague,Czech Republic,50.08861111,14.42138889,Kierling,Austria,48.30833333,16.27416667,
337,Franz Kafka,Franz Kafka,Q905,Prague,Czech Republic,50.08861111,14.42138889,Kierling,Austria,48.30833333,16.27416667,
337,Leo Tolstoy,Leo Tolstoy,Q7243,Yasnaya Polyana,Russia,54.075127,37.526385,Lev Tolstoy,Russia,53.20694444,39.45083333,
337,Leo Tolstoy,Leo Tolstoy,Q7243,Yasnaya Polyana,Russia,54.075127,37.526385,Lev Tolstoy,Russia,53.20694444,39.45083333,
337,Elizabeth Bowen,Elizabeth Bowen,Q235308,Dublin,Ireland,53.3425,-6.265833333,London,England,51.507222,-0.1275,
337,William Blake,William Blake,Q41513,London,England,51.507222,-0.1275,London,England,51.507222,-0.1275,
337,Rainer Maria Rilke,Rainer Maria Rilke,Q76483,Prague,Czech Republic,50.08861111,14.42138889,Montreux,Switzerland,46.43333333,6.916666667,
337,Nikolai Gogol,Nikolai Gogol,Q43718,Velyki Sorochyntsi,Ukraine,50.02530458,33.94765459,Moscow,Russia,55.75583333,37.61777778,
337,Saint-Simon,"Louis de Rouvroy, duc de Saint-Simon",Q463728,Paris,France,48.85657778,2.351827778,Paris,France,48.85657778,2.351827778,
337,Hugo von Hofmannsthal,Hugo von Hofmannsthal,Q51513,Vienna,Austria,48.20833,16.373064,Rodaun,Austria,48.1328,16.2422,
337,Isak Dinesen,Karen Blixen,Q182804,Rungstedlund,Denmark,55.8833,12.5433,Rungstedlund,Denmark,55.8833,12.5433,
337,William Wordsworth,William Wordsworth,Q45546,Cockermouth,England,54.6613,-3.362,Rydal,England,54.433,-2.983,
337,Katherine Anne Porter,Katherine Anne Porter,Q236958,"Indian Creek, Texas",United States of America,31.5225,-98.9797,Silver Spring,United States of America,39.004242,-77.019004,
337,Chuang Tzu,Zhuangzi,Q47739,unknown,China,"35,105",,unknown,China,34.42592,115.64673,
337,General Bible Author,General Bible Author,,unknown,unknown,unknown,,unknown,unknown,unknown,,
337,D. H. Lawrence,D. H. Lawrence,Q34970,Nottingham,England,52.955,-1.149166667,Vence,France,43.72246556,7.111862222,
338,Albert Cossery,Albert Cossery,Q551779,Cairo,Egypt,30.05611111,31.23944444,Paris,France,48.85657778,2.351827778,
339,David Mendel,David Mendel,Q59275975,East London,England,51.553,0.093,Canterbury,England,51.278333,1.0775,
340,Aeschylus,Aeschylus,Q40939,Eleusis,Greece,38.041389,23.545278,Gela,Italy,37.06666667,14.25,
341,Jean Genet,Jean Genet,Q184622,Paris,France,48.85657778,2.351827778,Paris,France,48.85657778,2.351827778,
342,Alexander Berkman,Alexander Berkman,Q195390,Vilnius,Lithuania,54.68333333,25.28333333,Nice,France,43.70194444,7.268333333,statelessness
343,Paul Radin,Paul Radin,Q557443,Łódź,Poland,51.77694444,19.45472222,New York City,United States of America,40.67,-73.94,
344,Jessica Mitford,Jessica Mitford,Q457856,Oxfordshire,England,51.75,-1.28,Oakland,United States of America,37.8,-122.25,
345,Gilbert Highet,Gilbert Highet,Q1523989,Glasgow,Scotland,55.87,-4.27,New York City,United States of America,40.67,-73.94,
346,Han Y,Han Yu,Q318998,Nanyang,China,32.99871,112.52921,Chang'an,China,34.26666667,108.9,
346,Tu Mu,Du Mu,Q334095,Xi'an,China,34.26666667,108.9,Chang'an,China,34.26666667,108.9,
346,Tu Fu,Du Fu,Q33772,Gongyi,China,34.75128,112.98541,Tanzhou,China,,,
346,Lu T'ung,Lu T'ung,Q59278094,Hotan County,China,37.10828,79.93388,unknown,China,35.86166,104.195397,
346,Meng Chiao,Meng Jiao,Q1175924,Pyeongchang County,South Korea,37.36888889,128.3902778,unknown,unknown,unknown,,
346,Li Shang-yin,Li Shangyin,Q203782,unknown,China,"35,105",,Xingyang,China,34.78791,113.39204,
346,Li Ho,Li He,Q856223,Yiyang,China,28.58333333,112.3333333,Yiyang,China,28.58333333,112.3333333,
347,Dino Buzzati,Dino Buzzati,Q242095,Belluno,Italy,46.14083056,12.21556111,Milan,Italy,45.464161,9.190336,
348,Renata Adler,Renata Adler,Q1567518,Milan,Italy,45.464161,9.190336,n/a,n/a,n/a,,
349,Carlo Collodi,Carlo Collodi,Q199588,Florence,Italy,43.77138889,11.25416667,Florence,Italy,43.77138889,11.25416667,
350,David Kidd,David Kidd,Q27909747,Corbin,United States of America,36.94166667,-84.09555556,Honolulu,United States of America,21.308889,-157.826111,
351,Georges Simenon,Georges Simenon,Q128790,Liège,Belgium,50.64528,5.57568,Lausanne,Switzerland,46.53333333,6.633333333,
352,Anton Chekhov,Anton Chekhov,Q5685,Taganrog,Russia,47.23333333,38.9,Badenweiler,Germany,47.80166667,7.671944444,
353,Murray Kempton,Murray Kempton,Q6939331,Baltimore,United States of America,39.28638889,-76.615,Manhattan,United States of America,40.72833333,-73.99416667,
354,Mavis Gallant,Mavis Gallant,Q2550824,Montreal,Canada,45.50888889,-73.56166667,Paris,France,48.85657778,2.351827778,
355,Richard Cobb,Richard Cobb,Q535878,Frinton-on-Sea,England,51.8327,1.2452,Abingdon-on-Thames,England,51.66694444,-1.282777778,
356,Edmond de Goncourt,Edmond de Goncourt,Q1249210,Nancy,France,48.69277778,6.183611111,Draveil,France,48.68611111,2.409444444,
356,Jules de Goncourt,Jules de Goncourt,Q1234248,Paris,France,48.85657778,2.351827778,Paris,France,48.85657778,2.351827778,
357,Eliza Fay,Eliza Fay,Q5362127,Rotherhithe,England,51.4989,-0.0426,Calcutta,India,22.54111111,88.33777778,
358,Katharine White,Katharine Sergeant Angell White,Q13563061,Winchester,United States of America,42.45222222,-71.1375,Blue Hill,United States of America,44.4139,-68.5867,
359,Kingsley Amis,Kingsley Amis,Q220078,Clapham,England,51.46,-0.14,London,England,51.507222,-0.1275,
360,Malcolm Braly,Malcolm Braly,Q6742198,Portland,United States of America,45.51666667,-122.6666667,Roxbury,United States of America,42.30055556,-74.55305556,
361,Simone Weil,Simone Weil,Q157309,Paris,France,48.85657778,2.351827778,Ashford,England,51.1465,0.8676,
362,William H. Gass,William H. Gass,Q304874,Fargo,United States of America,46.87722222,-96.78944444,University City,United States of America,38.663901,-90.328165,
363,Flix Fnon,Félix Fénéon,Q432101,Turin,Italy,45.06666667,7.7,Châtenay-Malabry,France,48.76527778,2.278055556,
364,Vivant Denon,Dominique Vivant,Q468618,Chalon-sur-Saône,France,46.78111111,4.853888889,Paris,France,48.85657778,2.351827778,
365,Tibor Dry,Tibor Déry,Q72938,Budapest,Hungary,47.49833333,19.04083333,Budapest,Hungary,47.49833333,19.04083333,
366,Harvey Swados,Harvey Swados,Q5677622,Buffalo,United States of America,42.90472222,-78.84944444,Chesterfield,United States of America,42.39166667,-72.84027778,
367,William Lindsay Gresham,William Lindsay Gresham,Q938844,Baltimore,United States of America,39.28638889,-76.615,Manhattan,United States of America,40.72833333,-73.99416667,
368,Jules Renard,Jules Renard,Q314987,Châlons-du-Maine,France,48.16333333,-0.643333333,Paris,France,48.85657778,2.351827778,
369,George R. Stewart,George R. Stewart,Q449279,Allegheny County,United States of America,40.47,-79.98,San Francisco,United States of America,37.766667,-122.433333,
370,Eileen Chang,Eileen Chang,Q197155,Shanghai,China,31.16666667,121.4666667,Westwood,United States of America,34.0561,-118.43,
371,J. R. Ackerley,J. R. Ackerley,Q2658365,London,England,51.507222,-0.1275,London,England,51.507222,-0.1275,
372,Thophile Gautier,Théophile Gautier,Q183713,Tarbes,France,43.23277778,0.074444444,Neuilly-sur-Seine,France,48.88722222,2.2675,
373,Alfred Hayes,Alfred Hayes,Q1675887,London,England,51.507222,-0.1275,Sherman Oaks,United States of America,34.15111111,-118.4483333,
374,J. R. Ackerley,J. R. Ackerley,Q2658365,London,England,51.507222,-0.1275,London,England,51.507222,-0.1275,
375,Aleksander Wat,Aleksander Wat,Q774029,Warsaw,Poland,52.21666667,21.03333333,Paris,France,48.85657778,2.351827778,
376,Sylvia Townsend Warner,Sylvia Townsend Warner,Q462270,London Borough of Harrow,England,51.56666667,-0.333333333,Chaldon Herring,England,50.65,-2.3,
377,Nina Berberova,Nina Berberova,Q275935,Saint Petersburg,Russia,59.95,30.31666667,Philadelphia,United States of America,39.95277778,-75.16361111,
378,Georges Bernanos,Georges Bernanos,Q315072,Paris,France,48.85657778,2.351827778,Neuilly-sur-Seine,France,48.88722222,2.2675,
379,J.F. Powers,J. F. Powers,Q1369803,Jacksonville,United States of America,39.7319,-90.2344,Collegeville Township,United States of America,45.55361111,-94.44583333,
380,Blaise Cendrars,Blaise Cendrars,Q123080,La Chaux-de-Fonds,Switzerland,47.09962778,6.829558333,Paris,France,48.85657778,2.351827778,
381,Cleste Albaret,Céleste Albaret,Q3010047,La Canourgue,France,44.43277778,3.214722222,Montfort-l'Amaury,France,48.77722222,1.809166667,
382,Henri Michaux,Henri Michaux,Q160780,Namur,Belgium,50.46666667,4.866666667,Paris,France,48.85657778,2.351827778,
383,Victor Serge,Victor Serge,Q362009,Brussels,Belgium,50.84666667,4.353,Esu,Mexico,19.41944444,-99.14555556,statelessness
384,Sigizmund Krzhizhanovsky,Sigizmund Krzhizhanovsky,Q1813169,Kiev,Ukraine,50.45,30.52361111,Moscow,Russia,55.75583333,37.61777778,
385,Daniel Paul Schreber,Daniel Paul Schreber,Q62468,Leipzig,Germany,51.33333333,12.38333333,Leipzig,Germany,51.33333333,12.38333333,
386,John Glassco,John Glassco,Q6235463,Montreal,Canada,45.50888889,-73.56166667,Montreal,Canada,45.50888889,-73.56166667,
387,Edmund Wilson,Edmund Wilson,Q704931,Red Bank,United States of America,40.3487,-74.0665,Talcottville,United States of America,43.53333333,-75.36527778,
388,Gregor von Rezzori,Gregor von Rezzori,Q78685,Chernivtsi,Ukraine,48.29083333,25.93444444,Reggello,Italy,43.68333333,11.53333333,statelessness
389,Victor Serge,Victor Serge,Q362009,Brussels,Belgium,50.84666667,4.3531,Esu,Mexico,19.41944444,-99.14555556,statelessness
390,Yashar Kemal,Yaşar Kemal,Q327142,Gökçedam,Turkey,37.19027778,36.09194444,Istanbul,Turkey,41.01,28.96027778,
391,James McCourt,James McCourt,Q6139237,New York City,United States of America,40.67,-73.94,n/a,n/a,n/a,,
392,Dwight Macdonald,Dwight Macdonald,Q744332,New York City,United States of America,40.67,-73.94,New York City,United States of America,40.67,-73.94,
393,May Sinclair,May Sinclair,Q1131497,Rock Ferry,England,53.373,-3.008,Buckinghamshire,England,51.76666667,-0.8,
394,Ivy Compton-Burnett,Ivy Compton-Burnett,Q432322,London,England,51.507222,-0.1275,London,England,51.507222,-0.1275,
395,Patrick Leigh Fermor,Patrick Leigh Fermor,Q700616,London,England,51.507222,-0.1275,Dumbleton,England,52.0224,-1.97809,
396,Nancy Mitford,Nancy Mitford,Q260026,London,England,51.507222,-0.1275,Versailles,France,48.80472222,2.134166667,
397,Kingsley Amis,Kingsley Amis,Q220078,Clapham,England,51.46,-0.14,London,England,51.507222,-0.1275,
398,Gillian Rose,Gillian Rose,Q439143,London,England,51.507222,-0.1275,Coventry,England,52.41666667,-1.516666667,
399,Eileen Chang,Eileen Chang,Q197155,Shanghai,China,31.16666667,121.4666667,Westwood,United States of America,34.0561,-118.43,
400,Sylvia Townsend Warner,Sylvia Townsend Warner,Q462270,London Borough of Harrow,England,51.56666667,-0.333333333,Chaldon Herring,England,50.65,-2.3,
401,Vasily Grossman,Vasily Grossman,Q313767,Berdychiv,Ukraine,49.89194444,28.6,Moscow,Russia,55.75583333,37.61777778,
402,Astolphe de Custine,"Astolphe-Louis-Léonor de Custine, Marquis de Custine",Q727056,Niderviller,France,48.71277778,7.108055556,Paris,France,48.85657778,2.351827778,
403,Rainer Maria Rilke,Rainer Maria Rilke,Q76483,Prague,Czech Republic,50.08861111,14.42138889,Montreux,Switzerland,46.43333333,6.916666667,
403,Boris Pasternak,Boris Pasternak,Q41223,Moscow,Russia,55.75583333,37.61777778,Peredelkino,Russia,55.65555556,37.3325,
403,Marina Tsvetayeva,Marina Tsvetaeva,Q188526,Moscow,Russia,55.75583333,37.61777778,Yelabuga,Russia,55.76666667,52.03333333,
404,Qiu Miaojin,Qiu Miaojin,Q465264,Changhua County,Taiwan,23.93333333,120.5333333,Paris,France,48.85657778,2.351827778,
405,Curzio Malaparte,Curzio Malaparte,Q312637,Prato,Italy,43.88081389,11.09656111,Rome,Italy,41.89305556,12.48277778,
406,Stefan Zweig,Stefan Zweig,Q78491,Vienna,Austria,48.20833,16.373064,Petrópolis,Brazil,-22.505,-43.17888889,
407,Antal Szerb,Antal Szerb,Q570810,Budapest,Hungary,47.49833333,19.04083333,Balf,Hungary,47.6333,16.6,
408,Arun Kolatkar,Arun Kolatkar,Q4802107,Kolhapur,India,16.7,74.23333333,Pune,India,18.52361111,73.84777778,
409,Robert Walser,Robert Walser,Q123075,Biel/Bienne,Switzerland,47.13722222,7.247222222,Herisau,Switzerland,47.3851,9.2786,
410,Theodor Fontane,Theodor Fontane,Q76632,Neuruppin,Germany,52.92222222,12.8,Berlin,Germany,52.51666667,13.38333333,
411,William Dean Howells,William Dean Howells,Q526709,Belmont County,United States of America,40.02,-80.99,Manhattan,United States of America,40.72833333,-73.99416667,
412,William H. Gass,William H. Gass,Q304874,Fargo,United States of America,46.87722222,-96.78944444,University City,United States of America,38.663901,-90.328165,
413,Janet Malcolm,Janet Malcolm,Q6153486,Prague,Czech Republic,50.08861111,14.42138889,n/a,n/a,n/a,,
414,David Jones,David Jones,Q725689,Brockley,England,51.4529,-0.0345,Harrow,England,51.5836,-0.3464,
415,Alfred Hayes,Alfred Hayes,Q1675887,London,England,51.507222,-0.1275,Sherman Oaks,United States of America,34.15111111,-118.4483333,
416,Richard Hughes,Richard Hughes,Q302433,Weybridge,England,51.36666667,-0.466666667,Harlech,Wales,52.86043889,-4.105488889,
417,Vladimir Sorokin,Vladimir Sorokin,Q319839,"Bykovo, Moscow Oblast",Russia,55.63166667,38.09055556,n/a,n/a,n/a,,
418,Jessica Mitford,Jessica Mitford,Q457856,Oxfordshire,England,51.75,-1.28,Oakland,United States of America,37.8,-122.25,
419,J. R. Ackerley,J. R. Ackerley,Q2658365,London,England,51.507222,-0.1275,London,England,51.507222,-0.1275,
420,Emmanuel Bove,Emmanuel Bove,Q1338209,Paris,France,48.85657778,2.351827778,Paris,France,48.85657778,2.351827778,
421,Jan Morris,Jan Morris,Q3395844,Somerset,England,51.3,-3,n/a,n/a,n/a,,
422,Don Carpenter,Don Carpenter,Q5292393,Berkeley,United States of America,37.87027778,-122.2680556,Mill Valley,United States of America,37.90611111,-122.545,
423,Andrey Platonov,Andrei Platonov,Q315147,Voronezh,Russia,51.67166667,39.21055556,Moscow,Russia,55.75583333,37.61777778,
424,Fr. Rolfe,Frederick Rolfe,Q1289140,London,England,51.507222,-0.1275,Venice,Italy,45.43972222,12.33194444,
425,Paul Goodman,Paul Goodman,Q943567,Greenwich Village,United States of America,40.73361111,-74.00166667,New Hampshire,United States of America,44,-71.5,
426,Euripides,Euripides,Q48305,Salamis Island,Greece,37.96555556,23.49305556,Pella,Greece,40.76,22.519167,
427,Erich Kastner,Erich Kästner,Q76546,Dresden,Germany,51.04925833,13.73836111,Munich,Germany,48.13719444,11.5755,
428,Kingsley Amis,Kingsley Amis,Q220078,Clapham,England,51.46,-0.14,London,England,51.507222,-0.1275,
429,Nancy Mitford,Nancy Mitford,Q260026,London,England,51.507222,-0.1275,Versailles,France,48.80472222,2.134166667,
430,Olivia Manning,Olivia Manning,Q243130,Portsmouth,England,50.79527778,-1.088888889,Ryde,England,50.7271,-1.1618,
431,Olivia Manning,Olivia Manning,Q243130,Portsmouth,England,50.79527778,-1.088888889,Ryde,England,50.7271,-1.1618,
432,Francis Steegmuller,Francis Steegmuller,Q5482502,New Haven,United States of America,41.30833333,-72.925,Naples,Italy,40.83333333,14.25,
433,S. Josephine Baker,Sara Josephine Baker,Q4793362,Poughkeepsie,United States of America,41.70527778,-73.93055556,New York City,United States of America,40.67,-73.94,
434,Gabriel Chevallier,Gabriel Chevallier,Q739973,Lyon,France,45.75888889,4.841388889,Cannes,France,43.5525,7.021388889,
435,Jean-Patrick Manchette,Jean-Patrick Manchette,Q301951,Marseille,France,43.29666667,5.376388889,Paris,France,48.85657778,2.351827778,
436,John Collier,John Collier,Q2305122,London,England,51.507222,-0.1275,Los Angeles,United States of America,34.05,-118.25,
437,Tove Jansson,Tove Jansson,Q102071,Helsinki,Finland,60.17333333,24.94861111,Helsinki,Finland,60.17333333,24.94861111,
438,Vasily Grossman,Vasily Grossman,Q313767,Berdychiv,Ukraine,49.89194444,28.6,Moscow,Russia,55.75583333,37.61777778,
439,L.P. Hartley,L. P. Hartley,Q654747,Whittlesey,England,52.55668056,-0.130719444,London,England,51.507222,-0.1275,
440,Leonardo Sciascia,Leonardo Sciascia,Q317142,Racalmuto,Italy,37.40833333,13.73472222,Palermo,Italy,38.115658,13.361262,
441,Yuri Olesha,Yury Olesha,Q380000,Kropyvnytskyi,Ukraine,48.51027778,32.26666667,Moscow,Russia,55.75583333,37.61777778,
442,Upamanyu Chatterjee,Upamanyu Chatterjee,Q525760,Patna,India,25.61,85.14138889,n/a,n/a,n/a,,
443,Kingsley Amis,Kingsley Amis,Q220078,Clapham,England,51.46,-0.14,London,England,51.507222,-0.1275,
444,Joan Chase,Joan Chase,Q6204941,Wooster,United States of America,40.8092,-81.9372,Needham,United States of America,42.283333,-71.233333,
445,Daphne du Maurier,Daphne du Maurier,Q193357,London,England,51.507222,-0.1275,Cornwall,England,50.3,-4.9,
446,Charles Simic,Charles Simic,Q722555,Belgrade,Serbia,44.81666667,20.46666667,n/a,n/a,n/a,,
447,Friedrich Reck,Fritz Reck-Malleczewen,Q75405,Masuria,Poland,53.86711,20.70279,Dachau concentration camp,Germany,48.270278,11.468056,
448,Philippe-Paul de Sgur,"Philippe Paul, comte de Ségur",Q2087497,Paris,France,48.85657778,2.351827778,Paris,France,48.85657778,2.351827778,
449,Kingsley Amis,Kingsley Amis,Q220078,Clapham,England,51.46,-0.14,London,England,51.507222,-0.1275,
450,Nikolai Gogol,Nikolai Gogol,Q43718,Velyki Sorochyntsi,Ukraine,50.02530458,33.94765459,Moscow,Russia,55.75583333,37.61777778,
451,Erich Auerbach,Erich Auerbach,Q57603,Berlin,Germany,52.51666667,13.38333333,Wallingford,United States of America,41.45638889,-72.80416667,
452,Bohumil Hrabal,Bohumil Hrabal,Q242130,Brno-Židenice,Czech Republic,49.2041,16.6367,Prague,Czech Republic,50.08861111,14.42138889,
453,Raymond Radiguet,Raymond Radiguet,Q333615,Saint-Maur-des-Fossés,France,48.8025,2.485555556,Paris,France,48.85657778,2.351827778,
454,Caroline Blackwood,Lady Caroline Blackwood,Q1044457,Greater London,England,51.5,-0.083333333,Manhattan,United States of America,40.72833333,-73.99416667,
455,Sanford Friedman,Sanford Friedman,Q7417620,New York City,United States of America,40.67,-73.94,Manhattan,United States of America,40.72833333,-73.99416667,
456,Jan Morris,Jan Morris,Q3395844,Somerset,England,51.3,-3,n/a,n/a,n/a,,
457,Alberto Moravia,Alberto Moravia,Q161933,Rome,Italy,41.89305556,12.48277778,Rome,Italy,41.89305556,12.48277778,
458,Victor Serge,Victor Serge,Q362009,Brussels,Belgium,50.84666667,4.3532,Esu,Mexico,19.41944444,-99.14555556,statelessness
459,Stefan Zweig,Stefan Zweig,Q78491,Vienna,Austria,48.20833,16.373064,Petrópolis,Brazil,-22.505,-43.17888889,
460,William Roughead,William Roughead,Q8017796,Edinburgh,Scotland,55.95,-3.198888889,Edinburgh,Scotland,55.95,-3.198888889,
461,Kenneth Fearing,Kenneth Fearing,Q6390093,Oak Park,United States of America,41.88333333,-87.8,Upper East Side,United States of America,40.76916667,-73.96555556,
462,Gabriel Garca Mrquez,Gabriel García Márquez,Q5878,Aracataca,Colombia,10.59111111,-74.185,Esu,Mexico,19.41944444,-99.14555556,
463,John Wyndham,John Wyndham,Q313673,Birmingham,England,52.48333333,-1.9,London,England,51.507222,-0.1275,
464,Stefan Zweig,Stefan Zweig,Q78491,Vienna,Austria,48.20833,16.373064,Petrópolis,Brazil,-22.505,-43.17888889,
465,Henry de Montherlant,Henry de Montherlant,Q379956,Paris,France,48.85657778,2.351827778,Paris,France,48.85657778,2.351827778,
466,Dorothy Baker,Dorothy Baker,Q5298302,Missoula,United States of America,46.8625,-114.0116667,Terra Bella,United States of America,35.9614,-119.041,
467,John Williams,John Edward Williams,Q2077062,Clarksville,United States of America,33.6111,-95.0525,Fayetteville,United States of America,36.07638889,-94.16083333,
468,Margot Wittkower,Margot Wittkower,Q17300506,Berlin,Germany,52.51666667,13.38333333,Manhattan,United States of America,40.72833333,-73.99416667,
468,Rudolf Wittkower,Rudolf Wittkower,Q215999,Berlin,Germany,52.51666667,13.38333333,New York City,United States of America,40.67,-73.94,
469,Alberto Moravia,Alberto Moravia,Q161933,Rome,Italy,41.89305556,12.48277778,Rome,Italy,41.89305556,12.48277778,
470,William Attaway,William Attaway,Q8004662,Greenville,United States of America,33.3986,-91.0483,Los Angeles,United States of America,34.05,-118.25,
471,Geoffrey Wolff,Geoffrey Wolff,Q5534979,Hollywood,United States of America,34.1,-118.3333333,n/a,n/a,n/a,,
472,Stefan Zweig,Stefan Zweig,Q78491,Vienna,Austria,48.20833,16.373064,Petrópolis,Brazil,-22.505,-43.17888889,
473,Patrick Leigh Fermor,Patrick Leigh Fermor,Q700616,London,England,51.507222,-0.1275,Dumbleton,England,52.0224,-1.97809,
474,Robert Walser,Robert Walser,Q123075,Biel/Bienne,Switzerland,47.13722222,7.247222222,Herisau,Switzerland,47.3851,9.2786,
475,Howard Sturgis,Howard Sturgis,Q1262216,London,England,51.507222,-0.1275,Windsor,England,51.48333333,-0.6,
476,Intizar Husain,Intizar Hussain,Q6057750,Dibai,India,28.22,78.25,Lahore,Pakistan,31.54972222,74.34361111,
477,Sigizmund Krzhizhanovsky,Sigizmund Krzhizhanovsky,Q1813169,Kiev,Ukraine,50.45,30.52361111,Moscow,Russia,55.75583333,37.61777778,
478,John Williams,John Edward Williams,Q2077062,Clarksville,United States of America,33.6111,-95.0525,Fayetteville,United States of America,36.07638889,-94.16083333,
479,Adolfo Bioy Casares,Adolfo Bioy Casares,Q298035,Buenos Aires,Argentina,-34.59972222,-58.38194444,Buenos Aires,Argentina,-34.59972222,-58.38194444,
480,Italo Svevo,Italo Svevo,Q216478,Trieste,Italy,45.63611111,13.80416667,Motta di Livenza,Italy,45.77972222,12.60861111,
481,Glenway Wescott,Glenway Wescott,Q347890,Kewaskum,United States of America,43.514167,-88.223333,Rosemont,United States of America,40.4272,-74.99,
482,Angus Wilson,Angus Wilson,Q287460,Bexhill,England,50.85,0.47,Bury St Edmunds,England,52.246667,0.7125,
483,Elizabeth Taylor,Elizabeth Taylor,Q442330,Reading,England,51.45416667,-0.973055556,Buckinghamshire,England,51.76666667,-0.8,
484,Gregor von Rezzori,Gregor von Rezzori,Q78685,Chernivtsi,Ukraine,48.29083333,25.93444444,Reggello,Italy,43.68333333,11.53333333,statelessness
485,Vasily Grossman,Vasily Grossman,Q313767,Berdychiv,Ukraine,49.89194444,28.6,Moscow,Russia,55.75583333,37.61777778,
486,Tete-Michel Kpomassie,Tété-Michel Kpomassie,Q1362987,unknown,Togo,8.25,1.183333,n/a,n/a,n/a,,
487,Nescio,Nescio,Q2559747,Amsterdam,Netherlands,52.38333333,4.9,Hilversum,Netherlands,52.23,5.18,
488,Constance Rourke,Constance Rourke,Q183241,Ohio,United States of America,40.5,-82.5,Grand Rapids,United States of America,42.96125,-85.65571944,
489,G.V. Desani,G. V. Desani,Q1565590,Nairobi,Kenya,1.283333333,36.81666667,Fort Worth,United States of America,32.75722222,-97.33305556,
490,Guy de Maupassant,Guy de Maupassant,Q9327,Dieppe,France,49.92166667,1.077777778,Passy,France,48.85711111,2.284136111,
491,Jean Strouse,Jean Strouse,Q6171550,unknown,unknown,unknown,,n/a,n/a,n/a,,
492,James Schuyler,James Schuyler,Q5406329,Chicago,United States of America,41.88194444,-87.62777778,New York City,United States of America,40.67,-73.94,
493,Ronald Blythe,Ronald Blythe,Q7364685,Acton,England,52.07071111,0.761019444,n/a,n/a,n/a,,
494,Alberto Moravia,Alberto Moravia,Q161933,Rome,Italy,41.89305556,12.48277778,Rome,Italy,41.89305556,12.48277778,
495,Iris Owens,Iris Owens,Q16018236,Brooklyn,United States of America,40.69277778,-73.99027778,New York City,United States of America,40.67,-73.94,
496,Guy de Maupassant,Guy de Maupassant,Q9327,Dieppe,France,49.92166667,1.077777778,Passy,France,48.85711111,2.284136111,
497,Georges Simenon,Georges Simenon,Q128790,Liège,Belgium,50.64528,5.57568,Lausanne,Switzerland,46.53333333,6.633333333,
498,Darcy O'Brien,Darcy O'Brien,Q1165731,Los Angeles,United States of America,34.05,-118.25,Tulsa,United States of America,36.13138889,-95.93722222,
499,Elizabeth Taylor,Elizabeth Taylor,Q442330,Reading,England,51.45416667,-0.973055556,Buckinghamshire,England,51.76666667,-0.8,
500,Patrick Leigh Fermor,Patrick Leigh Fermor,Q700616,London,England,51.507222,-0.1275,Dumbleton,England,52.0224,-1.97809,
501,Patrick Leigh Fermor,Patrick Leigh Fermor,Q700616,London,England,51.507222,-0.1275,Dumbleton,England,52.0224,-1.97809,
502,Robert Walser,Robert Walser,Q123075,Biel/Bienne,Switzerland,47.13722222,7.247222222,Herisau,Switzerland,47.3851,9.2786,
503,Sasha Sokolov,Sasha Sokolov,Q709534,Ottawa,Canada,45.41666667,-75.7,n/a,n/a,n/a,,
504,Alistair Horne,Alistair Horne,Q955411,London,England,51.507222,-0.1275,Oxfordshire,England,51.75,-1.28,
505,Marcellus Emants,Marcellus Emants,Q2063379,Voorburg,Netherlands,52.06666667,4.366666667,Baden,Switzerland,47.47333333,8.304166667,
506,J. L. Carr,J. L. Carr,Q2002314,Thirsk,England,54.23273056,-1.34205,Kettering,England,52.4,-0.733333333,
507,L. J. Davis,L. J. Davis,Q15443061,Seattle,United States of America,47.6,-122.3166667,Brooklyn,United States of America,40.69277778,-73.99027778,
508,Sybille Bedford,Sybille Bedford,Q72705,Charlottenburg,Germany,52.51666667,13.3,London,England,51.507222,-0.1275,
509,Frigyes Karinthy,Frigyes Karinthy,Q366325,Budapest,Hungary,47.49833333,19.04083333,Siófok,Hungary,46.9,18.05,
510,Ivy Compton-Burnett,Ivy Compton-Burnett,Q432322,London,England,51.507222,-0.1275,London,England,51.507222,-0.1275,
511,Richard Hughes,Richard Hughes,Q302433,Weybridge,England,51.36666667,-0.466666667,Harlech,Wales,52.86043889,-4.105488889,
512,Charles Duff,Charles Duff,Q1951277,Enniskillen,Northern Ireland,54.345306,-7.634061,East Bergholt,England,51.9759,1.016761111,
513,Elizabeth Taylor,Elizabeth Taylor,Q442330,Reading,England,51.45416667,-0.973055556,Buckinghamshire,England,51.76666667,-0.8,
514,Natalia Ginzburg,Natalia Ginzburg,Q275985,Palermo,Italy,38.115658,13.361262,Rome,Italy,41.89305556,12.48277778,
515,Elizabeth David,Elizabeth David,Q4944293,Folkington,England,50.8141131,0.1917004,London,England,51.507222,-0.1275,